Object ID,Reported Redshift (Heliocentric),CMB rest frame z,RA (deg),Dec (deg),"Time lag (ADC a = 1/3), from JAVELIN",Lower Uncertainty (1-Sigma),Upper Uncertainty (1-Sigma),Log time lag,Log tau_err Symm,log V-band Luminosity,Upper L Uncertainty,Lower L Uncertainty,L_err Symm,Spectral Flux at obs band (mJy),Upper Flux Uncertainty,Lower Flux Uncertainty,Helper Column (microJy),Helper Column,Helper Column,Obs. Band
SDSS J0007−0054,0.1452,0.1438434055,1.874958333,-0.9077805556,35.9,2.8,2.8,1.555094449,0.03394148562,42.602,0.154,0.241,0.1975,0.0163,0.007,0.007,16.3,7,7,R
LBQS 0023+0228,0.236,0.2345604392,6.591416667,2.744944444,,,,,,,-999,-999,-999,-999,-999,-999,-999000,-999000,-999000,R
SDSS J0207−0048,0.3728,0.3715929844,31.8507375,-0.8115027778,231.6,62.9,62.9,2.364738555,0.1209851083,43.975,0.125,0.099,0.112,0.0543,0.0181,0.0111,54.3,18.1,11.1,I
SDSS J0315+0012,0.2073,0.2065827216,48.927675,0.2079861111,76.26,0.57,0.48,1.882296801,0.002991644813,43.454,0.05,0.057,0.0535,0.0545,0.0067,0.0067,54.5,6.7,6.7,R
PG 0844+349,0.064,0.06477600967,131.9269375,34.75122222,99.7,10.3,10.9,1.998695158,0.04620880409,44.454,0.012,0.012,0.012,5.878,0.161,0.161,5878,161,161,V
SDSS J0943−0043,0.2714,0.2728469899,145.8983875,-0.7227916667,158.1,14.5,16.4,2.19893187,0.04232049569,43.671,0.023,0.025,0.024,0.0496,0.0027,0.0027,49.6,2.7,2.7,R
PG 0953+414,0.2341,0.2350553157,149.2183,41.25618056,485.4,22.3,35.8,2.686099772,0.02566481302,45.423,0.006,0.006,0.006,3.845,0.052,0.052,3845,52,52,R
SDSS J0957−0023,0.5956,0.5974572299,149.4935375,-0.3983416667,596.6,79.5,79.5,2.775683249,0.05821819908,45.408,0.005,0.005,0.005,0.5234,0.006,0.006,523.4,6,6,I
2QZ J1013+0028,0.3305,0.3320777716,153.4800417,0.4806333333,166.5,27.6,27.6,2.221414238,0.07266164483,43.712,0.03,0.032,0.031,0.0356,0.0026,0.0026,35.6,2.6,2.6,R
LBQS 1022−0005,0.3203,0.3218860638,156.2105042,-0.3506694444,217.2,10.9,13.9,2.336859821,0.02465035875,44.27,0.008,0.008,0.008,0.1377,0.0027,0.0027,137.7,2.7,2.7,R
LBQS 1026−0032,0.2592,0.2607198937,157.3362583,-0.7965555556,213.1,22.9,42.2,2.32858345,0.0639201511,43.944,0.019,0.02,0.0195,0.1023,0.0045,0.0045,102.3,4.5,4.5,R
2QZ J1032−0233,0.567,0.5689014722,158.102675,-2.556016667,,,,,,44.863,0.075,0.101,0.088,0.1659,0.0315,0.0344,165.9,31.5,34.4,I
SDSS J1044+0003,0.4428,0.444556511,161.2053375,0.05033888889,108.1,20.4,24,2.033825694,0.08895161212,44.252,0.01,0.01,0.01,0.0697,0.0015,0.0015,69.7,1.5,1.5,I
2QZ J1138−0131,0.478,0.4798053714,174.5299833,-1.532961111,85.3,30.9,26.4,1.930949031,0.1562271367,43.971,0.324,0.21,0.267,0.0308,0.0342,0.0118,30.8,34.2,11.8,I
2QZ J1220−0119,0.513,0.5147767774,185.1352958,-1.330322222,,,,,,,-999,-999,-999,-999,-999,-999,-999000,-999000,-999000,I
2QZ J1225−0101,0.575,0.5768348987,186.4560083,-1.031697222,,,,,,44.44,0.038,0.042,0.04,0.0606,0.0055,0.0056,60.6,5.5,5.6,I
2QZ J1247+0025,0.411,0.4125788412,191.9237625,0.421325,221.8,30.1,39.8,2.345961542,0.06750781339,43.944,0.152,0.113,0.1325,0.0402,0.0168,0.0092,40.2,16.8,9.2,I
SDSS J1309−0015,0.4228,0.4243208114,197.3194667,-0.2639305556,256.4,57.4,57.4,2.408918021,0.09889993142,44.161,0.017,0.018,0.0175,0.0623,0.0025,0.0025,62.3,2.5,2.5,I
LBQS 1339+0210,0.2728,0.2740285564,205.5674042,1.921852778,,,,,,43.812,0.027,0.029,0.028,0.0672,0.0043,0.0043,67.2,4.3,4.3,R
2QZ J1345−0231,0.5283,0.5297775207,206.3018458,-2.529494444,215.4,13.1,15.4,2.333245699,0.02861996086,44.195,0.031,0.033,0.032,0.0414,0.0031,0.0031,41.4,3.1,3.1,I
2QZ J1438−0116,0.388,0.3890596512,219.5955,-1.276680556,,,,,,,-999,-999,-999,-999,-999,-999,-999000,-999000,-999000,I
PG 1613+658,0.129,0.1289884047,243.4882458,65.71932778,320.1,43.4,43.8,2.505285674,0.05948644822,44.793,0.01,0.01,0.01,3.16,0.074,0.074,3160,74,74,R
SDSS J1717+5932,0.2483,0.2481191646,259.4481917,59.54946667,108.1,2.7,4.4,2.033825694,0.01415595579,43.489,0.052,0.059,0.0555,0.0394,0.005,0.005,39.4,5,5,R
SDSS J1718+5313,0.1917,0.1915318258,259.6369083,53.21796389,42.5,2.9,2.4,1.62838893,0.02727557754,42.653,0.017,0.017,0.017,0.01,0.0004,0.0004,10,0.4,0.4,R
SDSS J1720+6128,0.2365,0.2363089088,260.2478167,61.46994167,95.9,4.5,2.8,1.981818607,0.01668547847,43.89,0.042,0.046,0.044,0.1104,0.0111,0.0111,110.4,11.1,11.1,R
SDSS J1723+5400,0.4806,0.4803691185,260.7522792,54.01551111,225,63.4,63.4,2.352182518,0.1257769498,44.33,0.012,0.013,0.0125,0.0698,0.002,0.002,69.8,2,2,I
SDSS J1724+6036,0.3715,0.3712750652,261.1933375,60.60545278,167,7,7.8,2.222716471,0.01921072282,44.579,0.005,0.005,0.005,0.2172,0.0025,0.0025,217.2,2.5,2.5,I
IRAS F21256+0219,0.257,0.2556098373,322.0513333,2.542194444,,,,,,,-999,-999,-999,-999,-999,-999,-999000,-999000,-999000,R
RX J2138+0112,0.3441,0.3425868636,324.5790458,1.206236111,173,7.7,9.3,2.238046103,0.02125690754,44.576,0.011,0.011,0.011,0.256,0.0063,0.0063,256,6.3,6.3,I
RX J2156+1426,0.356,0.35442885,329.1775417,14.44288889,163,1,1.1,2.212187604,0.002796783255,43.958,0.021,0.021,0.021,0.0573,0.0029,0.0027,57.3,2.9,2.7,I
SDSS J2326−0030,0.582,0.5800714114,351.6667167,-0.5115027778,188.6,55,55,2.275541688,0.1304354129,44.359,0.027,0.029,0.028,0.0495,0.0032,0.0032,49.5,3.2,3.2,I
Mrk 335,0.025785,0.02458797714,1.58125,20.20291667,165.8,6.7,6.7,2.219584526,0.01755945988,43.631,0.009,0.009,0.009,5.899,0.124,0.124,,,,V
Mrk 590,0.026385,0.02551004252,33.64,-0.7666944444,32.2,4,4,1.507855872,0.05422973111,42.854,0.032,0.035,0.0335,0.965,0.074,0.074,,,,V
IRAS 03450+0055,0.031,0.03054442444,56.9175,1.087222222,152.5,7.1,7.1,2.183269844,0.02023424025,43.901,0.009,0.009,0.009,7.688,0.155,0.155,,,,V
Akn 120,0.032713,0.03273780381,79.0475,-0.1498333333,129.7,18,18,2.112939976,0.0606636611,44.252,0.008,0.008,0.008,15.12,0.29,0.29,,,,V
MCG +08 - 11 - 011,0.020484,0.02053479232,88.72291667,46.43944444,69.9,2.1,2.1,1.844477176,0.01305140128,43.434,0.024,0.025,0.0245,5.726,0.319,0.319,,,,V
Mrk 79,0.022189,0.02256658956,115.6366667,49.80966667,71.8,4.2,4.2,1.856124444,0.02543344817,43.364,0.014,0.015,0.0145,3.998,0.135,0.135,,,,V
Mrk 110,0.035291,0.03586235635,141.30375,52.28625,106.8,8,8,2.028571253,0.03259247174,43.638,0.015,0.015,0.015,2.941,0.103,0.103,,,,V
NGC 3227,0.003859,0.004939868558,155.8775,19.865,13.8,0.7,0.7,1.139879086,0.02204835329,42.203,0.023,0.025,0.024,5.879,0.323,0.323,,,,V
NGC 3516,0.008836,0.009062478411,166.6979167,72.56861111,71.5,5.8,5.8,1.854306042,0.03530706218,42.63,0.035,0.038,0.0365,3.798,0.32,0.32,,,,V
Mrk 744,0.008933,0.009895374029,174.9270833,31.90916667,19.7,2.2,2.2,1.294466226,0.04870303308,41.804,0.023,0.024,0.0235,0.506,0.028,0.028,,,,V
NGC 4051,0.002336,0.003084784129,180.79,44.53133333,15.8,0.5,0.5,1.198657087,0.01374808679,41.682,0.036,0.039,0.0375,4.39,0.379,0.379,,,,V
NGC 4151,0.003319,0.004142939873,182.6358333,39.40572222,40.9,0.3,0.3,1.611723308,0.003185591228,42.635,0.034,0.037,0.0355,16.52,1.34,1.34,,,,V
NGC 4593,0.009,0.01015617249,189.9141667,-5.344277778,42.1,0.9,0.9,1.624282096,0.009285619773,42.553,0.016,0.017,0.0165,3.175,0.12,0.12,,,,V
NGC 5548,0.017175,0.01788644994,214.4979167,25.13677778,61.3,0.3,0.3,1.787460475,0.002125438577,42.887,0.013,0.014,0.0135,1.849,0.058,0.058,,,,V
Mrk 817,0.031455,0.03173399286,219.0920833,58.79427778,89.8,8.6,8.6,1.953276337,0.0417195346,43.731,0.007,0.008,0.0075,4.405,0.076,0.076,,,,V
Mrk 509,0.034397,0.03343138975,311.0404167,-10.72347222,120.3,1.1,1.1,2.080265627,0.003971215668,44.228,0.01,0.01,0.01,12.12,0.29,0.29,,,,V
NGC 7469,0.016317,0.01506638379,345.815,8.874,78.12,0.05,0.05,1.892762235,0.0002779662962,43.286,0.024,0.026,0.025,6.472,0.375,0.375,,,,V