Object ID,True ID (Shen and Liu),Reported z,tauW1 JAV with ADC,tauW1JAVADC_err,tauW1JAVADC_ERR,Raw tauW1 (÷ (1+z)^0.62),Raw tauW1_err,Raw tauW1_ERR,tauW2 JAV with ADC,tauW2JAVADC_err,tauW2JAVADC_ERR,Raw tauW2 (÷ (1+z)^0.62),Raw tauW2_err,Raw tauW2_ERR
OB01,014017.07-005003.0,0.334,"1,059.00000",188.00000,97.00000,885.725903,157.2393482,81.12881264,"1,076.00000",211.00000,104.00000,899.9443547,176.476077,86.98346923
OB02,031027.83-004950.8,0.080,163.00000,91.00000,103.00000,155.40496,86.75982432,98.20068027,179.00000,63.00000,102.00000,170.6594346,60.06449376,97.24727561
OB03,032213.90+005513.5,0.185,616.00000,27.00000,29.00000,554.4665294,24.30291606,26.10313207,619.00000,13.00000,23.00000,557.1668535,11.70140403,20.70248405
OB04,073623.13+392617.8,0.118,947.00000,315.00000,17.00000,883.7228018,293.9521463,15.86408409,963.00000,10.00000,17.00000,898.6537045,9.331814169,15.86408409
OB05,080131.97+473616.0,0.157,506.00000,5.00000,6.00000,462.2573596,4.56776047,5.481312564,"1,258.00000",11.00000,12.00000,1149.248534,10.04907303,10.96262513
OB06,082308.29+421521.0,0.056,105.00000,16.00000,24.00000,101.5120667,15.4685054,23.20275811,254.00000,151.00000,24.00000,245.5625233,145.9840197,23.20275811
OB07,082628.20+085535.4,0.254,541.00000,65.00000,90.00000,470.1677024,56.48965001,78.21643848,546.00000,69.00000,109.00000,474.5130601,59.96593617,94.72879771
OB08,082758.53+233302.9,0.302,491.00000,44.00000,49.00000,416.8911559,37.35888159,41.60420904,,,,0,0,0
OB09,083949.65+484701.5,0.039,556.00000,32.00000,23.00000,542.9666461,31.24987891,22.46085047,562.00000,25.00000,188.00000,548.8259984,24.4139679,183.5930386
OB10,085439.24+174122.4,0.065,446.00000,17.00000,33.00000,428.9217822,16.34903654,31.73636505,447.00000,20.00000,166.00000,429.8834903,19.23416064,159.6435333
OB11,092554.72+195405.1,0.192,999.00000,30.00000,58.00000,895.9302698,26.90481291,52.01597162,"1,323.00000",82.00000,302.00000,1186.502249,73.53982195,270.8417833
OB12,093701.05+010543.8,0.051,,,,0,0,0,"1,233.00000",7.00000,5.00000,1195.554539,6.787414253,4.848153038
OB13,094733.22+100508.8,0.139,622.00000,292.00000,36.00000,573.7803562,269.3631254,33.20915245,646.00000,30.00000,23.00000,595.9197912,27.67429371,21.21695851
OB14,094745.15+072520.6,0.086,470.00000,25.00000,34.00000,446.5636473,23.7533855,32.30460427,512.00000,48.00000,42.00000,486.469335,45.60650015,39.90568763
OB15,095955.85+130237.8,0.035,148.00000,54.00000,48.00000,144.8767512,52.86043625,46.98705444,160.00000,16.00000,64.00000,156.6235148,15.66235148,62.64940592
OB16,100402.61+285535.4,0.329,719.00000,51.00000,57.00000,602.7585815,42.75478117,47.78475542,755.00000,49.00000,56.00000,632.9384271,41.07812308,46.94642638
OB17,100420.14+051300.4,0.160,855.00000,88.00000,394.00000,779.8339916,80.26361551,359.3620967,840.00000,55.00000,64.00000,766.1526935,50.16475969,58.37353855
OB18,100710.21+220301.3,0.082,126.00000,46.00000,32.00000,119.9912682,43.80633601,30.47397287,145.00000,50.00000,50.00000,138.0851896,47.61558262,47.61558262
OB19,100726.10+124856.2,0.241,593.00000,43.00000,92.00000,518.6999293,37.61230516,80.47283895,,,,0,0,0
OB20,100854.94+373930.0,0.054,84.00000,12.00000,53.00000,81.30515972,11.61502282,51.29968411,247.00000,18.00000,31.00000,239.0758863,17.42253423,30.00547561
OB21,101044.51+004331.3,0.177,309.00000,41.00000,29.00000,279.3039467,37.05974697,26.21299176,311.00000,49.00000,28.00000,281.1117392,44.29091711,25.30909549
OB22,101303.18+355123.8,0.079,146.00000,27.00000,39.00000,139.2770502,25.75671476,37.20414354,191.00000,42.00000,20.00000,182.2049081,40.06600074,19.07904797
OB23,102255.63+184744.6,0.176,268.00000,43.00000,46.00000,242.3718928,38.88802758,41.60114579,275.00000,28.00000,23.00000,248.702502,25.32243657,20.80057289
OB24,102531.28+514034.9,0.045,178.00000,68.00000,8.00000,173.2079821,66.16934149,7.784628411,184.00000,4.00000,28.00000,179.0464534,3.892314205,27.24619944
OB25,104505.17+084339.1,0.125,212.00000,58.00000,30.00000,197.0703541,53.91547424,27.88731426,212.00000,80.00000,54.00000,197.0703541,74.36617137,50.19716568
OB26,104936.91+062922.1,0.152,416.00000,84.00000,93.00000,381.0595003,76.94470679,85.18878251,473.00000,47.00000,133.00000,433.2719799,43.05239546,121.8291191
OB27,105143.90+335926.7,0.170,450.00000,80.00000,28.00000,408.2604214,72.57963047,25.40287066,447.00000,68.00000,53.00000,405.5386852,61.6926859,48.08400519
OB28,105827.06+223533.5,0.094,165.00000,14.00000,60.00000,156.0605757,13.24150339,56.74930024,234.00000,15.00000,38.00000,221.3222709,14.18732506,35.94122349
OB29,110538.99+020257.4,0.106,234.00000,21.00000,17.00000,219.8303638,19.72836599,15.97058199,828.00000,16.00000,15.00000,777.8612874,15.03113599,14.09168999
OB30,111706.40+441333.3,0.140,380.00000,14.00000,17.00000,350.3503767,12.90764546,15.67356948,412.00000,27.00000,25.00000,379.8535663,24.89331624,23.04936689
OB31,111830.29+402554.0,0.150,654.00000,31.00000,68.00000,599.7152428,28.42686931,62.35571332,691.00000,57.00000,29.00000,633.6440868,52.26875969,26.59287774
OB32,112439.18+420145.0,0.230,351.00000,12.00000,76.00000,308.7208401,10.55455864,66.84553803,454.00000,13.00000,8.00000,399.3141351,11.43410519,7.036372424
OB33,112536.17+542257.2,0.021,40.00000,7.00000,7.00000,39.48789937,6.910382389,6.910382389,38.00000,5.00000,6.00000,37.5135044,4.935987421,5.923184905
OB34,112813.03+102308.3,0.050,228.00000,10.00000,12.00000,221.2062949,9.702030478,11.64243657,235.00000,16.00000,53.00000,227.9977162,15.52324876,51.42076153
OB35,113029.13+493457.8,0.096,459.00000,50.00000,59.00000,433.640805,47.23756046,55.74032134,495.00000,65.00000,122.00000,467.6518485,61.4088286,115.2596475
OB36,114105.71+024117.0,0.093,238.00000,33.00000,51.00000,225.2332257,31.22981701,48.26426265,285.00000,45.00000,37.00000,269.712056,42.5861141,35.01524937
OB37,114434.73+070516.5,0.075,140.00000,44.00000,67.00000,133.8612228,42.07067002,64.06215662,156.00000,23.00000,81.00000,149.1596482,21.9914866,77.4482789
OB38,114646.02+371511.7,0.295,666.00000,16.00000,63.00000,567.3707894,13.63052947,53.67020981,"1,298.00000",103.00000,44.00000,1105.776704,87.7465335,37.48395606
OB39,114755.07+090229.0,0.069,167.00000,17.00000,15.00000,160.2323838,16.31108099,14.39213029,166.00000,14.00000,11.00000,159.2729085,13.43265493,10.55422888
OB40,120011.27+100135.6,0.085,248.00000,108.00000,89.00000,235.7682083,102.673252,84.61036508,782.00000,136.00000,103.00000,743.4303988,129.2922433,97.91986071
OB41,120114.35-034041.0,0.020,133.00000,39.00000,74.00000,131.3770587,38.52409991,73.09701009,208.00000,66.00000,154.00000,205.4618662,65.19463062,152.1208048
OB42,120332.94+022934.7,0.077,404.00000,15.00000,64.00000,385.8403377,14.32575511,61.12322182,,,,0,0,0
OB43,120442.11+275411.8,0.170,582.00000,14.00000,8.00000,528.0168117,12.70143533,7.257963047,589.00000,4.00000,3.00000,534.3675293,3.628981523,2.721736143
OB44,121044.28+382010.3,0.023,111.00000,13.00000,156.00000,109.4460484,12.81800567,153.8160681,269.00000,160.00000,3.00000,265.2341174,157.7600698,2.958001309
OB45,121607.09+504930.1,0.031,80.00000,10.00000,11.00000,78.49999237,9.812499046,10.79374895,296.00000,156.00000,106.00000,290.4499718,153.0749851,104.0124899
OB46,125100.46+660326.8,0.282,230.00000,29.00000,26.00000,197.1683765,24.86036051,22.28859908,585.00000,77.00000,53.00000,501.4934793,66.00854343,45.43445197
OB47,125719.56+442935.4,0.300,416.00000,28.00000,50.00000,353.5480549,23.79650369,42.49375659,,,,0,0,0
OB48,130947.00+081948.2,0.154,523.00000,47.00000,18.00000,478.5574564,43.00611941,16.47042871,"1,168.00000",23.00000,37.00000,1068.747819,21.0455478,33.85588124
OB49,131204.71+064107.6,0.242,"1,370.00000",237.00000,407.00000,1197.747237,207.2015293,355.8270989,"1,389.00000",229.00000,341.00000,1214.35833,200.2073849,298.1254072
OB50,131217.75+351521.1,0.180,515.00000,136.00000,298.00000,464.7724583,122.7360278,268.9362963,828.00000,243.00000,49.00000,747.2458164,219.3004026,44.22106885
OB51,131404.98+153054.2,0.165,305.00000,33.00000,48.00000,277.4455514,30.018699,43.66356218,359.00000,42.00000,61.00000,326.5670588,38.20561691,55.48911027
OB52,135406.43+232549.4,0.055,68.00000,5.00000,3.00000,65.77977562,4.836748207,2.902048924,232.00000,6.00000,4.00000,224.4251168,5.804097849,3.869398566
OB53,135435.69+180517.5,0.160,286.00000,58.00000,85.00000,260.8567504,52.90101931,77.52735589,397.00000,73.00000,33.00000,362.0983563,66.58231741,30.09885582
OB54,140018.43+050242.2,0.034,587.00000,24.00000,171.00000,574.9570019,23.50761166,167.4917331,591.00000,34.00000,186.00000,578.8749372,33.30244985,182.1839904
OB55,140621.89+222346.6,0.100,186.00000,26.00000,25.00000,175.3272736,24.50811351,23.56549376,232.00000,85.00000,22.00000,218.6877821,80.12267879,20.73763451
OB56,141700.82+445606.4,0.110,453.00000,14.00000,189.00000,424.6175647,13.12283864,177.1583217,641.00000,23.00000,249.00000,600.8385407,21.5589492,233.3990587
OB57,142004.29+470716.8,0.070,315.00000,48.00000,12.00000,302.0595782,46.0281262,11.50703155,195.00000,23.00000,98.00000,186.9892627,22.05514381,93.974091
OB58,142925.07+451831.8,0.075,114.00000,20.00000,11.00000,109.0012814,19.12303183,10.5176675,,,,0,0,0
OB59,142943.07+474726.2,0.220,515.00000,173.00000,34.00000,455.264864,152.9336339,30.05632112,,,,0,0,0
OB60,144431.62+153643.3,0.050,354.00000,57.00000,111.00000,343.4518789,55.30157372,107.6925383,290.00000,27.00000,37.00000,281.3588839,26.19548229,35.89751277
OB61,144645.94+403505.8,0.270,598.00000,41.00000,234.00000,515.63558,35.3529411,201.7704443,773.00000,190.00000,102.00000,666.5322798,163.8307027,87.95121933
OB62,145108.76+270926.9,0.060,306.00000,46.00000,24.00000,295.1425261,44.36783072,23.14843342,440.00000,118.00000,16.00000,424.387946,113.813131,15.43228895
OB63,145307.93+255433.1,0.049,135.00000,5.00000,5.00000,131.0548102,4.853881859,4.853881859,132.00000,69.00000,7.00000,128.1424811,66.98356966,6.795434603
OB64,150204.10+064516.1,0.288,371.00000,71.00000,80.00000,317.1217829,60.68907437,68.38205562,420.00000,101.00000,76.00000,359.005792,86.33234522,64.96295284
OB65,150556.56+034226.3,0.036,188.00000,27.00000,12.00000,183.9224743,26.41439791,11.7397324,200.00000,13.00000,21.00000,195.6622067,12.71804344,20.54453171
OB66,150853.95-001149.0,0.054,71.00000,5.00000,6.00000,68.72221834,4.839592841,5.807511409,80.00000,7.00000,33.00000,77.43348545,6.775429977,31.94131275
OB67,152416.66+045119.0,0.036,,,,0,0,0,,,,0,0,0
OB68,152907.46+561606.7,0.100,269.00000,136.00000,14.00000,253.5647129,128.1962861,13.19667651,489.00000,17.00000,33.00000,460.941058,16.02453576,31.10645177
OB69,153118.08+072727.9,0.034,130.00000,5.00000,4.00000,127.3328965,4.897419096,3.917935277,,,,0,0,0
OB70,153552.40+575409.5,0.030,921.00000,10.00000,7.00000,904.2750553,9.81840451,6.872883157,919.00000,16.00000,7.00000,902.3113744,15.70944722,6.872883157
OB71,154327.03+075442.1,0.037,170.00000,18.00000,21.00000,166.2134226,17.59906828,20.53224632,183.00000,27.00000,31.00000,178.9238608,26.39860241,30.30950647
OB72,154351.50+363136.8,0.067,96.00000,4.00000,5.00000,92.21663974,3.842359989,4.802949986,230.00000,8.00000,72.00000,220.9356994,7.684719978,69.1624798
OB73,154507.52+170951.0,0.048,100.00000,14.00000,23.00000,97.13505821,13.59890815,22.34106339,126.00000,25.00000,21.00000,122.3901733,24.28376455,20.39836222
OB74,155642.84+294847.5,0.085,90.00000,3.00000,3.00000,85.56104334,2.852034778,2.852034778,,,,0,0,0
OB75,155909.63+350147.5,0.031,251.00000,149.00000,86.00000,246.2937261,146.2062358,84.38749179,,,,0,0,0
OB76,161301.63+371714.9,0.070,244.00000,16.00000,14.00000,233.9763082,15.34270873,13.42487014,243.00000,16.00000,17.00000,233.0173889,15.34270873,16.30162803
OB77,161532.25-002730.4,0.146,278.00000,26.00000,80.00000,255.4761325,23.89345124,73.51831151,455.00000,79.00000,28.00000,418.1353967,72.59933261,25.73140903
OB78,161723.67+085414.8,0.206,566.00000,132.00000,95.00000,503.9426325,117.5272571,84.58401076,823.00000,186.00000,78.00000,732.7646406,165.6065895,69.44792462
OB79,162607.25+335915.3,0.205,231.00000,8.00000,9.00000,205.7785065,7.126528363,8.017344408,239.00000,9.00000,101.00000,212.9050348,8.017344408,89.97242058
OB80,164800.82+295657.4,0.106,218.00000,12.00000,15.00000,204.7992278,11.27335199,14.09168999,218.00000,7.00000,98.00000,204.7992278,6.576121995,92.06570793
OB81,222435.29-001103.8,0.058,650.00000,17.00000,16.00000,627.6712588,16.41601754,15.45036945,677.00000,24.00000,87.00000,653.7437572,23.17555417,84.01138387
OB82,223607.68+134355.4,0.320,511.00000,99.00000,94.00000,430.1947071,83.34496283,79.13562128,505.00000,104.00000,101.00000,425.1434973,87.55430439,85.02869946
OB83,235156.13-010913.4,0.174,925.00000,144.00000,15.00000,837.4280673,130.3671802,13.57991461,936.00000,34.00000,28.00000,847.3866714,30.78113977,25.34917393
5871,000535.23+000021.4,0.736,985.00000,188.00000,179.00000,699.7056867,133.5478874,127.1546375,,,,0,0,0
2401,000654.10-001533.4,1.725,,,,0,0,0,"1,510.00000",653.00000,"1,072.00000",811.053893,350.7405246,575.7945518
9836,001735.69-011325.0,0.805,795.00000,243.00000,200.00000,551.2533742,168.4963144,138.6800941,971.00000,231.00000,252.00000,673.291857,160.1755087,174.7369186
16898,001202.77+004202.8,0.548,410.00000,128.00000,192.00000,312.6985474,97.62296114,146.4344417,669.00000,269.00000,307.00000,510.2325078,205.1607543,234.1425709
18562,000709.92+001854.2,1.431,"2,622.00000",306.00000,166.00000,1511.631777,176.4146925,95.70208808,,,,0,0,0
18792,001927.17+003539.0,1.289,"1,378.00000",194.00000,289.00000,824.6484103,116.0970911,172.9487595,"1,262.00000",127.00000,536.00000,755.2295311,76.001704,320.7630972
22275,000054.02+005503.0,1.181,"1,240.00000",169.00000,294.00000,764.6367592,104.2125906,181.292909,,,,0,0,0
23343,000111.19-002011.5,0.518,384.00000,32.00000,82.00000,296.4440419,24.70367015,63.30315477,456.00000,75.00000,47.00000,352.0272997,57.89922692,36.28351554
23705,001347.60-002507.0,1.119,"1,382.00000",284.00000,272.00000,867.5746423,178.2859612,170.7527516,"1,643.00000",351.00000,252.00000,1031.421952,220.3463817,158.1974022
24646,000011.96+000225.3,0.479,508.00000,42.00000,52.00000,398.550579,32.95103212,40.79651596,600.00000,64.00000,79.00000,470.7290303,50.21109657,61.97932233
25819,001252.64-000206.0,0.569,355.00000,137.00000,241.00000,268.4986634,103.617794,182.2765574,474.00000,169.00000,282.00000,358.5024407,127.8204904,213.2862622
30279,000754.85-004003.6,0.573,,,,0,0,0,,,,0,0,0
30691,001738.77-003116.9,0.854,"1,166.00000",282.00000,179.00000,795.1892823,192.3185057,122.0745125,424.00000,118.00000,136.00000,289.159739,80.47370096,92.74935025
32374,001002.96-010107.2,0.554,,,,0,0,0,801.00000,42.00000,60.00000,609.4427109,31.95579757,45.65113939
36047,000805.40-001001.7,0.734,580.00000,114.00000,43.00000,412.3040073,81.0390635,30.56736606,720.00000,30.00000,73.00000,511.8256642,21.32606934,51.8934354
39631,001010.03+005126.6,0.387,172.00000,89.00000,85.00000,140.4239034,72.66120583,69.39553365,216.00000,64.00000,67.00000,176.3462973,52.25075475,54.70000888
41684,001030.55+010006.0,0.378,514.00000,235.00000,68.00000,421.3360351,192.6341795,55.74095406,,,,0,0,0
47417,001504.34-005439.1,0.650,"1,380.00000",311.00000,147.00000,1011.670394,227.992386,107.7648898,"1,419.00000",72.00000,112.00000,1040.26108,52.78280319,82.10658274
51980,001317.46-000635.8,0.681,532.00000,264.00000,245.00000,385.5313064,191.3162874,177.5473122,689.00000,148.00000,214.00000,499.3065228,107.2530702,155.0821421
52721,001815.77+001632.4,0.576,197.00000,80.00000,83.00000,148.5871915,60.33997624,62.60272535,277.00000,120.00000,172.00000,208.9271677,90.50996436,129.7309489
56423,000553.71-010117.7,0.632,503.00000,178.00000,159.00000,371.2628458,131.3812854,117.3574403,,,,0,0,0
82552,000435.75-011318.6,0.507,628.00000,93.00000,115.00000,487.0005227,72.11950415,89.18003201,"1,160.00000",99.00000,125.00000,899.5551055,76.77237539,96.93481741
82616,000608.04-010700.7,0.949,"1,301.00000",181.00000,232.00000,860.1891421,119.67274,153.3926833,,,,0,0,0
91788,000943.37+010459.8,0.456,288.00000,181.00000,170.00000,228.1562842,143.389887,134.6755844,388.00000,244.00000,267.00000,307.3772163,193.2990741,211.5198885
93235,001047.46+001900.3,0.748,993.00000,151.00000,124.00000,702.3823067,106.80738,87.70937163,"1,022.00000",45.00000,50.00000,722.8949823,31.8300139,35.36668211
104193,001603.34-011514.2,1.416,"1,243.00000",228.00000,166.00000,719.3678627,131.9516273,96.07004441,"1,707.00000",183.00000,74.00000,987.9009989,105.9085429,42.82640534
125388,000451.86-001203.7,1.028,"1,060.00000",263.00000,133.00000,683.7915597,169.6577172,85.79648816,"1,151.00000",67.00000,74.00000,742.4944201,43.22078727,47.73639191
130457,001204.63-004113.7,1.334,"1,436.00000",78.00000,111.00000,849.047352,46.11817093,65.62970479,"1,714.00000",154.00000,186.00000,1013.417243,91.05382466,109.9740999
131901,001545.36+000822.6,0.371,,,,0,0,0,"1,755.00000",215.00000,171.00000,1443.158059,176.7971411,140.6154006
138442,004227.47+001416.3,0.606,378.00000,82.00000,96.00000,281.7925872,61.12960887,71.56637136,901.00000,84.00000,90.00000,671.6802145,62.62057494,67.09347315
175731,005717.63+005158.1,1.033,"1,191.00000",207.00000,240.00000,767.1257956,133.3291685,154.5845432,"1,222.00000",120.00000,155.00000,787.0929658,77.2922716,99.83585082
176421,005840.03-004845.7,0.809,485.00000,198.00000,243.00000,335.837994,137.1049955,168.2652217,557.00000,228.00000,260.00000,385.694356,157.8784797,180.0368628
176560,005413.17-001138.4,0.782,"1,211.00000",200.00000,55.00000,846.4111374,139.7871408,38.44146371,"1,205.00000",121.00000,43.00000,842.2175232,84.57122017,30.05423527
177139,005155.06-003115.0,1.326,875.00000,131.00000,114.00000,518.4537649,77.61993509,67.54711908,984.00000,96.00000,101.00000,583.038291,56.88178449,59.84437743
179173,005930.06+011124.4,1.030,"1,065.00000",143.00000,108.00000,686.5972573,92.19099324,69.62676412,"1,590.00000",107.00000,71.00000,1025.060694,68.98207186,45.77315049
187789,004150.65+000728.1,0.456,333.00000,118.00000,75.00000,263.8057036,93.48069979,59.41569902,754.00000,145.00000,140.00000,597.3258275,114.8703514,110.9093048
189445,005905.51+000651.6,0.719,696.00000,25.00000,31.00000,497.4371266,17.86771288,22.15596397,704.00000,24.00000,24.00000,503.1547947,17.15300437,17.15300437
201270,005408.97-001909.5,0.939,"1,243.00000",411.00000,348.00000,824.466259,272.6111283,230.824021,844.00000,168.00000,86.00000,559.8145798,111.432286,57.04271784
209339,005604.80+005126.5,0.694,363.00000,162.00000,141.00000,261.8064328,116.8392345,101.6934078,298.00000,77.00000,54.00000,214.926493,55.53469787,38.94641149
213538,004956.84+003002.4,0.970,829.00000,231.00000,179.00000,544.4844364,151.7200299,117.5666033,,,,0,0,0
214484,004336.00+010636.9,0.998,786.00000,178.00000,206.00000,511.7446912,115.8912914,134.1213822,932.00000,248.00000,255.00000,606.8015931,161.4665183,166.024041
221975,005121.26+004521.6,0.726,,,,0,0,0,703.00000,188.00000,350.00000,501.1757332,134.0270808,249.5185016
223800,005946.66+000255.0,0.682,264.00000,151.00000,210.00000,191.2457586,109.3867786,152.1273079,,,,0,0,0
230106,004839.48-010029.3,0.364,445.00000,95.00000,75.00000,367.0921533,78.36798777,61.86946403,383.00000,91.00000,144.00000,315.9467297,75.06828303,118.7893709
237094,005225.22-003704.7,1.402,"2,353.00000",326.00000,493.00000,1366.679453,189.3487045,286.3463538,"1,276.00000",131.00000,268.00000,741.1317392,76.08797636,155.6608982
249227,004843.69-011125.3,0.672,410.00000,140.00000,135.00000,298.1105648,101.7938514,98.15835671,361.00000,62.00000,117.00000,262.4827168,45.08013419,85.07057582
260132,005645.69+004154.1,0.818,"1,094.00000",253.00000,275.00000,755.2124086,174.6514985,189.8385854,964.00000,80.00000,78.00000,665.4705319,55.22577028,53.84512603
266265,005908.85-001602.6,1.103,"1,571.00000",169.00000,140.00000,990.8680749,106.5924282,88.30141979,"1,554.00000",231.00000,189.00000,980.1457597,145.6973427,119.2069167
268770,004616.68+000249.1,0.453,,,,0,0,0,469.00000,118.00000,127.00000,372.0216048,93.60031848,100.7393258
272768,005717.88+003242.9,0.492,423.00000,140.00000,101.00000,330.0682093,109.2424333,78.81061262,,,,0,0,0
273239,004904.69+001137.0,0.675,599.00000,119.00000,69.00000,435.0484637,86.42865973,50.11409682,651.00000,100.00000,101.00000,472.8156091,72.62912582,73.35541708
274273,232820.38+002238.1,1.300,"1,905.00000",36.00000,53.00000,1136.642058,21.47984991,31.62311237,"1,856.00000",307.00000,196.00000,1107.405595,183.1753867,116.9458495
281956,232623.74-010731.1,0.821,500.00000,150.00000,131.00000,344.8084005,103.4425202,90.33980094,542.00000,213.00000,242.00000,373.7723062,146.8883786,166.8872659
291004,233119.80-010632.3,0.387,540.00000,59.00000,107.00000,440.8657432,48.16866454,87.3567306,853.00000,80.00000,181.00000,696.4045907,65.31344344,147.7716658
297119,232008.94-004617.3,1.262,800.00000,387.00000,256.00000,482.2859105,233.3058092,154.3314914,991.00000,252.00000,248.00000,597.4316716,151.9200618,149.5086323
297623,232027.24-011023.7,0.661,603.00000,208.00000,220.00000,440.2386216,151.8567716,160.6177392,495.00000,71.00000,103.00000,361.3899133,51.83572493,75.19830518
298430,233129.83-004933.3,0.615,734.00000,67.00000,166.00000,545.2919588,49.7746066,123.3221596,862.00000,56.00000,53.00000,640.3837446,41.60265626,39.37394253
302703,233811.06+005442.6,0.941,,,,0,0,0,869.00000,166.00000,299.00000,576.0284643,110.0353568,198.196215
311327,232335.75-003057.7,0.565,,,,0,0,0,496.00000,178.00000,172.00000,375.73598,134.8407348,130.2955414
311417,233626.77-000803.5,0.743,"1,019.00000",159.00000,211.00000,722.0542091,112.6659659,149.5126969,962.00000,96.00000,131.00000,681.6645232,68.02473413,92.82541845
311955,232500.55-011445.0,0.934,824.00000,156.00000,73.00000,547.4244623,103.6386118,48.49755552,807.00000,102.00000,65.00000,536.130511,67.76370771,43.18275491
312584,233154.66-002217.6,1.882,,,,0,0,0,"2,227.00000","1,058.00000","1,255.00000",1155.340378,548.8774672,651.0786591
317716,233149.48+000719.5,0.367,285.00000,22.00000,43.00000,234.7839371,18.12367233,35.42354138,332.00000,57.00000,188.00000,273.5026916,46.95678741,154.8750181
331873,232253.53+005544.4,1.065,729.00000,251.00000,181.00000,465.0258482,160.1117804,115.4590926,730.00000,147.00000,137.00000,465.6637438,93.77064429,87.3916889
337449,232903.41+001226.9,1.211,915.00000,225.00000,199.00000,559.4690596,137.5743589,121.6768774,622.00000,283.00000,217.00000,380.3166722,173.0379714,132.6828262
358873,233517.62+010307.5,0.624,"1,216.00000",101.00000,95.00000,900.2647373,74.77527835,70.3331826,"1,326.00000",155.00000,232.00000,981.7031593,114.75414,171.7610354
368570,233523.52+002852.9,0.735,508.00000,214.00000,200.00000,360.9923804,152.0715933,142.1229844,"1,051.00000",138.00000,112.00000,746.8562831,98.06485925,79.58887128
369079,233029.16+003746.6,0.535,335.00000,120.00000,126.00000,256.8370137,92.00131832,96.60138424,428.00000,169.00000,203.00000,328.1380353,129.5685233,155.6355635
372907,232231.61-001522.9,0.796,,,,0,0,0,514.00000,53.00000,78.00000,357.5141151,36.86429591,54.25311474
377811,233741.31+001743.7,0.762,"1,059.00000",92.00000,127.00000,745.3706702,64.75363707,89.38817291,448.00000,231.00000,334.00000,315.3220588,162.5879366,235.0838563
388504,232649.81-002345.2,1.171,"1,180.00000",210.00000,181.00000,729.7144003,129.8644272,111.9307682,"1,351.00000",238.00000,110.00000,835.4611481,147.1796841,68.02422376
392158,232640.01-003041.4,0.582,305.00000,203.00000,179.00000,229.504826,152.7523924,134.6929962,,,,0,0,0
401955,233527.69-001339.3,0.907,"1,663.00000",108.00000,153.00000,1114.486519,72.37795793,102.5354404,"1,498.00000",36.00000,46.00000,1003.909083,24.12598598,30.82764875
404473,232723.69-000243.1,1.228,786.00000,274.00000,274.00000,478.3162443,166.7412862,166.7412862,652.00000,306.00000,404.00000,396.7712358,186.2147211,245.8521154
410232,233317.38-002303.4,0.513,610.00000,438.00000,542.00000,471.877967,338.8238517,419.2751772,556.00000,416.00000,478.00000,430.1051633,321.8053021,369.7666692
411219,233517.82-004927.0,0.670,561.00000,328.00000,481.00000,408.2053094,238.6654928,349.9942136,,,,0,0,0
419768,230946.14+000048.8,0.352,382.00000,8.00000,19.00000,316.8529932,6.635664779,15.75970385,563.00000,183.00000,165.00000,466.9849088,151.7908318,136.8605861
434469,230222.23-002203.0,0.614,554.00000,217.00000,217.00000,411.7272162,161.2722128,161.2722128,548.00000,218.00000,280.00000,407.2680767,162.0154028,208.0931779
463590,231747.77+000615.8,0.840,,,,0,0,0,"1,330.00000",115.00000,121.00000,911.3067576,78.79720084,82.90835915
489049,231742.68+011425.2,0.518,532.00000,302.00000,301.00000,410.6985163,233.1408871,232.3688974,,,,0,0,0
513714,230555.49+005946.1,0.719,"1,084.00000",26.00000,23.00000,774.7440305,18.5824214,16.43829585,"1,468.00000",28.00000,40.00000,1049.1921,20.01183843,28.58834061
526053,230632.06+004611.7,0.570,280.00000,34.00000,28.00000,211.6899532,25.7052086,21.16899532,613.00000,63.00000,75.00000,463.4497903,47.63023946,56.70266603
527078,231535.04+000127.7,0.589,411.00000,103.00000,140.00000,308.4217561,77.29304349,105.0585057,586.00000,108.00000,125.00000,439.7448882,81.04513298,93.80223725
538834,231509.34+001026.2,0.848,851.00000,186.00000,222.00000,581.532968,127.1035629,151.7042525,"1,062.00000",88.00000,107.00000,725.7203432,60.13501902,73.11871631
551634,230649.35+010400.8,1.228,"1,054.00000",219.00000,148.00000,641.4062615,133.27132,90.06463634,"1,059.00000",138.00000,165.00000,644.4489857,83.97918794,100.4098986
558076,231445.10+000837.0,1.120,829.00000,304.00000,376.00000,520.2670202,190.7854935,235.9715315,"1,157.00000",162.00000,194.00000,726.1145264,101.6685854,121.7512689
562275,231435.45+010138.8,0.848,347.00000,148.00000,251.00000,237.1233136,101.1361684,171.5214747,814.00000,219.00000,267.00000,556.248926,149.6541951,182.4551145
563138,231518.63+003616.8,0.912,606.00000,213.00000,168.00000,405.461977,142.5138632,112.4053006,535.00000,258.00000,250.00000,357.9573559,172.6224259,167.2697925
585159,010955.62+005500.6,0.500,362.00000,40.00000,27.00000,281.5347385,31.10881088,20.99844734,345.00000,27.00000,26.00000,268.3134938,20.99844734,20.22072707
604284,010226.31-003904.6,0.294,373.00000,60.00000,137.00000,317.9139466,51.13897265,116.7673209,,,,0,0,0
604678,011254.91+000313.0,0.239,226.00000,61.00000,85.00000,197.8810605,53.41037474,74.42429266,379.00000,39.00000,113.00000,331.8447873,34.14761663,98.94053025
607110,010244.13-011408.2,1.048,"1,008.00000",104.00000,101.00000,646.3026873,66.68202329,64.75850339,"1,184.00000",178.00000,301.00000,759.1491882,114.1288476,192.9931636
611102,010231.00+000019.3,1.085,,,,0,0,0,"2,190.00000",53.00000,83.00000,1388.667777,33.60702839,52.62987464
621648,011121.92+011351.4,0.807,413.00000,183.00000,228.00000,286.1778371,126.8051918,157.9867963,,,,0,0,0
628296,011712.81-005817.4,0.486,507.00000,237.00000,160.00000,396.6032762,185.3944309,125.1607972,760.00000,65.00000,63.00000,594.5137869,50.84657388,49.28206391
644509,011943.49-010858.5,0.496,445.00000,77.00000,122.00000,346.6589546,59.98368428,95.03908418,553.00000,193.00000,303.00000,430.7919144,150.3487151,236.0396927
645377,011907.05+010203.2,0.560,536.00000,206.00000,241.00000,406.843647,156.3615509,182.9278338,344.00000,28.00000,74.00000,261.1086093,21.25302633,56.16871246
653726,011758.83+002021.4,0.613,,,,0,0,0,"1,039.00000",69.00000,49.00000,772.4710989,51.29981311,36.43030207
655926,010954.86-011246.7,1.459,"1,296.00000",155.00000,121.00000,741.8817944,88.7281467,69.26519839,"1,684.00000",233.00000,162.00000,963.988381,133.3784399,92.7352243
663794,011720.55-010337.8,1.011,671.00000,110.00000,112.00000,435.1179868,71.3308175,72.62774146,598.00000,76.00000,72.00000,387.7802624,49.28311028,46.68926237
673636,010230.03-003206.8,0.343,408.00000,337.00000,397.00000,339.8232079,280.6873065,330.6613077,453.00000,301.00000,350.00000,377.3037087,250.7029058,291.5150068
674000,010737.01-001911.6,0.738,468.00000,70.00000,59.00000,332.2117541,49.68979229,41.88139636,354.00000,111.00000,62.00000,251.2883781,78.79381348,44.01095888
679757,011600.11-005156.8,0.814,587.00000,206.00000,161.00000,405.7728506,142.4006937,111.2937461,614.00000,67.00000,115.00000,424.4370192,46.31478874,79.49553291
680295,011129.94+003431.3,1.320,842.00000,227.00000,209.00000,499.7002203,134.7172803,124.0348528,"1,049.00000",199.00000,263.00000,622.5481366,118.1001708,156.0821353
680844,011757.79-010809.9,0.708,440.00000,77.00000,119.00000,315.7258923,55.25203116,85.3895027,443.00000,76.00000,83.00000,317.8785689,54.53447231,59.55738423
682461,011200.57-002336.9,0.746,618.00000,192.00000,148.00000,437.4425723,135.9044885,104.7597099,622.00000,139.00000,236.00000,440.2739158,98.38918697,167.0492671
683566,010550.41-001254.7,1.020,730.00000,193.00000,276.00000,472.0684881,124.8071482,178.4806887,697.00000,61.00000,104.00000,450.7284058,39.44681887,67.25359283
693840,010430.58-011430.3,1.155,"1,111.00000",90.00000,111.00000,690.2028508,55.91202212,68.95816061,"1,241.00000",86.00000,118.00000,770.9646605,53.42704336,73.30687344
695858,010342.73+002537.2,0.394,"1,279.00000",159.00000,144.00000,1040.94462,129.4059378,117.1978305,"1,081.00000",24.00000,22.00000,879.7976026,19.53297175,17.90522411
696154,010352.46+003739.7,0.703,903.00000,31.00000,39.00000,649.1344657,22.2847934,28.03570782,"1,417.00000",93.00000,215.00000,1018.630718,66.85438019,154.5558252
698463,011855.74-004032.3,0.745,"1,035.00000",263.00000,200.00000,732.8704019,186.2269717,141.617469,,,,0,0,0
704093,010722.81-001858.8,0.652,734.00000,77.00000,65.00000,537.6873676,56.40589551,47.61536634,345.00000,53.00000,52.00000,252.7277136,38.82483717,38.09229307
709142,010529.61-001104.0,0.738,608.00000,241.00000,375.00000,431.5913387,171.0748563,266.1953158,667.00000,302.00000,471.00000,473.4727351,214.375961,334.3413167
711946,011420.95-004049.3,0.439,531.00000,138.00000,67.00000,423.7374306,110.123852,53.46592815,608.00000,53.00000,128.00000,485.183348,42.29394317,102.1438627
735787,225050.10-010406.7,0.776,530.00000,100.00000,171.00000,371.2113388,70.03987525,119.7681867,667.00000,86.00000,75.00000,467.1659679,60.23429272,52.52990644
761296,224011.46-011448.6,0.502,,,,0,0,0,641.00000,99.00000,148.00000,498.1070301,76.93072696,115.0075514
781539,224841.36+005326.7,0.644,373.00000,101.00000,87.00000,274.0625584,74.2099689,63.92343856,574.00000,56.00000,38.00000,421.7477441,41.14612137,27.92058236
782992,224102.28-004015.7,1.055,710.00000,433.00000,333.00000,454.2710037,277.0413304,213.0594989,,,,0,0,0
799254,224103.97-005015.5,0.621,423.00000,141.00000,80.00000,313.5269648,104.5089883,59.29587987,358.00000,139.00000,148.00000,265.3490624,103.0265913,109.6973778
812223,224145.41-000122.6,0.714,466.00000,28.00000,37.00000,333.656208,20.0480125,26.49201652,505.00000,54.00000,60.00000,361.5802254,38.66402411,42.96002679
828626,224923.89-002525.7,0.375,311.00000,89.00000,80.00000,255.2776047,73.05371967,65.66626487,347.00000,55.00000,78.00000,284.8274239,45.1455571,64.02460825
859318,225339.09-002447.4,0.570,602.00000,124.00000,102.00000,455.1333993,93.74840783,77.1156258,"1,106.00000",58.00000,60.00000,836.175315,43.85006173,45.36213282
862972,224431.51+003226.1,1.398,"1,645.00000",99.00000,136.00000,956.4437013,57.5610495,79.07376497,"2,871.00000",41.00000,64.00000,1669.270436,23.83841444,37.21118352
869885,224703.00+000026.4,0.813,744.00000,141.00000,288.00000,514.4773943,97.50176425,199.1525397,"1,082.00000",219.00000,225.00000,748.2050278,151.4389104,155.5879217
878066,224925.54-005301.1,0.550,"1,282.00000",155.00000,89.00000,976.9725743,118.1207091,67.82414907,"1,348.00000",38.00000,54.00000,1027.269134,28.95862545,41.1517309
885751,013436.22+002624.4,0.718,852.00000,103.00000,103.00000,609.1513849,73.64154066,73.64154066,"1,167.00000",34.00000,54.00000,834.3658053,24.30885808,38.60818636
894192,013201.09+002324.6,0.535,491.00000,120.00000,111.00000,376.4387275,92.00131832,85.10121945,417.00000,51.00000,97.00000,319.7045812,39.10056029,74.36773231
905667,013418.19+001536.6,0.400,759.00000,89.00000,138.00000,616.0874949,72.24214368,112.0159082,,,,0,0,0
910070,012128.08+003450.6,0.329,266.00000,85.00000,154.00000,222.9955253,71.25796861,129.1026725,166.00000,15.00000,28.00000,139.1626211,12.57493564,23.47321319
918809,012954.50-003302.3,1.152,853.00000,161.00000,148.00000,530.3796173,100.1068211,92.02366162,799.00000,173.00000,184.00000,496.8034165,107.5681991,114.4077955
921817,013555.88+004016.8,0.906,579.00000,76.00000,79.00000,388.1524824,50.94920322,52.96035598,679.00000,65.00000,67.00000,455.1909077,43.57497644,44.91574494
923471,012301.79+000323.3,1.357,"1,461.00000",260.00000,154.00000,858.5928643,152.7954447,90.50191725,"1,787.00000",258.00000,107.00000,1050.174845,151.6200951,62.88120224
926499,013207.05-010409.8,1.023,623.00000,201.00000,188.00000,402.5043695,129.8609603,121.4619927,602.00000,153.00000,235.00000,388.9368065,98.8493877,151.8274909
930527,012331.05+011314.7,1.555,"2,243.00000",194.00000,150.00000,1253.853836,108.4474561,83.85112587,,,,0,0,0
940518,013228.37-004730.9,0.733,621.00000,147.00000,182.00000,441.6075516,104.5351209,129.4244354,474.00000,125.00000,161.00000,337.0724307,88.89040893,114.4908467
952559,012050.94-001832.9,0.349,220.00000,63.00000,146.00000,182.7322796,52.32788006,121.2677855,325.00000,145.00000,65.00000,269.945413,120.4371843,53.9890826
953741,013728.36-001727.3,0.620,382.00000,236.00000,258.00000,283.2461751,174.9897835,191.3023905,771.00000,168.00000,113.00000,571.6827251,124.5689985,83.78748111
960450,012240.12-003239.7,0.883,989.00000,73.00000,104.00000,668.0194279,49.30780408,70.24673458,"1,770.00000",55.00000,68.00000,1195.545387,37.1497154,45.93055723
962398,012309.04+003305.4,0.771,"1,031.00000",732.00000,622.00000,723.374437,513.588834,436.4101841,811.00000,625.00000,550.00000,569.0171371,438.5150564,385.8932496
963412,013049.68+010244.2,0.842,531.00000,78.00000,195.00000,363.5925308,53.40907232,133.5226808,"2,048.00000",52.00000,68.00000,1402.330514,35.60604822,46.56175536
968658,012507.52-011213.2,0.927,678.00000,87.00000,85.00000,451.4431117,57.92854088,56.59685029,"1,091.00000",67.00000,56.00000,726.4372196,44.61163493,37.28733666
970191,012303.22-005818.9,1.550,"1,279.00000",412.00000,389.00000,715.8394564,230.5909742,217.7181771,,,,0,0,0
971324,012208.76-005559.4,0.950,853.00000,598.00000,716.00000,563.8032463,395.257141,473.251025,,,,0,0,0
980082,012658.79+000247.6,0.623,320.00000,82.00000,131.00000,237.0022647,60.73183034,97.02280212,,,,0,0,0
1008471,012334.10-002308.9,0.711,,,,0,0,0,909.00000,384.00000,220.00000,651.5516926,275.2429592,157.6912787
1008531,012855.54+010103.2,0.698,925.00000,231.00000,387.00000,666.1627853,166.3606523,278.7081058,,,,0,0,0
1010882,012655.94+005232.4,1.389,"1,300.00000",263.00000,192.00000,757.6163516,153.2716157,111.8941073,668.00000,96.00000,110.00000,389.2982484,55.94705366,64.10599898
1014099,013415.48-005541.0,1.757,"2,372.00000",227.00000,189.00000,1264.864168,121.0472876,100.783865,"2,305.00000",105.00000,168.00000,1229.136554,55.9910361,89.58565776
1027365,223823.26-005708.2,0.361,412.00000,36.00000,36.00000,340.3338749,29.7379114,29.7379114,481.00000,27.00000,28.00000,397.3315384,22.30343355,23.12948664
1042657,222836.23-003202.9,1.035,,,,0,0,0,"2,037.00000",422.00000,421.00000,1311.236689,271.6454997,271.00179
1072282,222150.35-011114.5,0.734,398.00000,105.00000,93.00000,282.9258533,74.64124269,66.11081496,,,,0,0,0
1086858,223700.74+001322.5,0.857,567.00000,294.00000,304.00000,386.2955263,200.301384,207.1143562,"1,109.00000",125.00000,110.00000,755.5586219,85.16215306,74.94269469
1089624,222732.69+001756.9,0.710,417.00000,132.00000,163.00000,299.0050109,94.6490682,116.8772585,437.00000,101.00000,279.00000,313.3457788,72.42087794,200.0537123
1093653,223027.83-005303.7,0.488,463.00000,117.00000,197.00000,361.8821598,91.44754363,153.9757786,,,,0,0,0
1099265,223337.25-003644.5,1.155,"1,014.00000",139.00000,128.00000,629.9421158,86.35301193,79.51932034,953.00000,52.00000,82.00000,592.0461897,32.30472389,50.94206459
1105252,223144.36+000514.8,0.599,327.00000,137.00000,127.00000,244.4340509,102.4081497,94.93310232,338.00000,163.00000,156.00000,252.656603,121.8432731,116.6107399
1109656,223156.12-004259.2,0.610,395.00000,136.00000,136.00000,294.0119974,101.2294472,101.2294472,411.00000,140.00000,297.00000,305.9213441,104.2067839,221.0672487
1111070,222726.27-002855.8,0.843,936.00000,47.00000,99.00000,640.6932388,32.1715622,67.76563102,"1,090.00000",36.00000,155.00000,746.1064426,24.64204764,106.0977051
1124174,222507.92+002100.3,1.065,"2,001.00000",695.00000,556.00000,1276.428974,443.3373999,354.6699199,"2,229.00000",908.00000,619.00000,1421.869157,579.2091498,394.8573389
1125521,222024.58+010931.2,0.212,444.00000,108.00000,95.00000,394.1044565,95.86324617,84.32415172,490.00000,48.00000,165.00000,434.9350984,42.60588719,146.4577372
1126917,223424.10+005227.1,0.883,980.00000,107.00000,143.00000,661.9403836,72.2730827,96.58926005,"1,094.00000",101.00000,264.00000,738.9416119,68.22038647,178.3186339
1131957,222315.11-002610.5,0.293,371.00000,115.00000,139.00000,316.3609159,98.06335668,118.5287529,,,,0,0,0
1177993,223731.59+003155.1,1.048,"1,256.00000",368.00000,249.00000,805.3136659,235.9517747,159.6521519,"1,321.00000",77.00000,68.00000,846.9899304,49.37034417,43.59978446
1188453,222733.21+003448.9,0.308,711.00000,79.00000,185.00000,601.9671604,66.88524004,156.6299925,950.00000,32.00000,25.00000,804.3161777,27.09275546,21.1662152
1189298,223244.79+001509.3,0.566,232.00000,68.00000,118.00000,175.6778853,51.49179398,89.35340719,547.00000,221.00000,151.00000,414.2060486,167.3483304,114.3420719
1212081,015633.57+003045.8,1.015,463.00000,119.00000,158.00000,299.8682324,77.07196471,102.3308439,"1,367.00000",147.00000,127.00000,885.3560988,95.20654464,82.25327326
1216470,014109.76+000626.9,0.489,241.00000,53.00000,94.00000,188.2878646,41.40770465,73.44007995,,,,0,0,0
1218434,015653.16-004623.2,0.615,270.00000,179.00000,197.00000,200.5842355,132.9799191,146.3522015,359.00000,186.00000,196.00000,266.7027428,138.1802511,145.6092969
1224863,014003.99-002541.7,0.770,564.00000,58.00000,73.00000,395.8545844,40.70845017,51.23649762,,,,0,0,0
1230683,014009.90-010905.1,0.470,374.00000,209.00000,342.00000,294.5336061,164.5923093,269.3328697,691.00000,166.00000,149.00000,544.1784005,130.7288198,117.3409286
1239108,015552.63-003913.9,0.422,404.00000,77.00000,225.00000,324.7757657,61.90033158,180.8775923,"1,255.00000",69.00000,75.00000,1008.895015,55.4691283,60.29253076
1242730,015010.15+002907.4,0.759,557.00000,186.00000,208.00000,392.4554592,131.053349,146.5542828,646.00000,157.00000,171.00000,455.1637822,110.6203,120.4845306
1243220,014324.81+003611.3,1.076,"1,035.00000",157.00000,155.00000,658.0507574,99.82025981,98.54866415,"1,085.00000",195.00000,261.00000,689.840649,123.9805775,165.9432345
1245133,015100.76+005634.9,0.492,242.00000,43.00000,90.00000,188.8333491,33.5530331,70.22727857,287.00000,43.00000,39.00000,223.9469883,33.5530331,30.43182072
1250783,015215.20+003854.3,0.866,,,,0,0,0,626.00000,300.00000,360.00000,425.2155291,203.7774101,244.5328921
1252652,014942.51+001501.7,0.552,"1,699.00000",111.00000,48.00000,1293.720662,84.52206798,36.55008345,"2,409.00000",96.00000,392.00000,1834.357313,73.1001669,298.4923482
1261571,014816.73-004822.8,0.526,"1,586.00000",175.00000,128.00000,1220.392056,134.6586443,98.49317984,"1,548.00000",91.00000,84.00000,1191.151894,70.02249504,64.63614927
1265613,014756.98-011335.3,0.484,391.00000,38.00000,21.00000,306.1172046,29.75052116,16.44107749,375.00000,179.00000,145.00000,293.5906694,140.1406129,113.5217255
1269806,014829.65-003101.8,0.988,"1,477.00000",392.00000,446.00000,964.633499,256.0164737,291.2840491,"1,683.00000",67.00000,56.00000,1099.172768,43.75791769,36.57378195
1280361,014903.41-001010.8,0.526,634.00000,54.00000,71.00000,487.8490314,41.55181024,54.63293569,509.00000,125.00000,244.00000,391.6642854,96.18474593,187.7526241
1284591,014917.10-002141.6,1.688,"1,378.00000",179.00000,237.00000,746.4540413,96.96318824,128.381428,"2,615.00000",56.00000,63.00000,1416.529258,30.33485219,34.12670871
1290364,014729.77-004118.3,0.734,821.00000,128.00000,174.00000,583.623431,90.99122919,123.6912022,"1,133.00000",164.00000,134.00000,805.4145521,116.5825124,95.25644306
1292491,014921.53-003221.0,1.379,,,,0,0,0,"1,391.00000",133.00000,89.00000,812.7604759,77.7118212,52.00264727
1295574,015354.99+001011.0,0.737,464.00000,105.00000,96.00000,329.4898898,74.56128973,68.17032204,580.00000,104.00000,101.00000,411.8623623,73.8511822,71.72085964
1304512,014134.19-004648.5,0.861,433.00000,100.00000,124.00000,294.6084133,68.03889452,84.3682292,,,,0,0,0
1304533,015451.41+005932.7,0.385,719.00000,148.00000,132.00000,587.529978,120.9380205,107.8636399,,,,0,0,0
1305938,015355.58+003218.2,0.453,332.00000,68.00000,204.00000,263.3500486,53.93916658,161.8174997,559.00000,141.00000,218.00000,443.4116782,111.8444484,172.9226223
1307128,015250.83-005419.5,0.885,568.00000,249.00000,144.00000,383.4028138,168.0762335,97.20071337,917.00000,230.00000,71.00000,618.9795428,155.2511394,47.92535173
1310302,015734.24+003405.5,1.083,"2,371.00000",668.00000,319.00000,1504.333776,423.8274831,202.3966573,"1,807.00000",121.00000,179.00000,1146.49141,76.77114589,113.5705381
1311699,014645.58-001829.9,0.398,266.00000,60.00000,48.00000,216.1061819,48.74575531,38.99660425,319.00000,54.00000,60.00000,259.1649324,43.87117978,48.74575531
1313712,014731.97-002019.4,0.554,"1,413.00000",309.00000,81.00000,1075.084333,235.1033679,61.62903818,"1,378.00000",105.00000,75.00000,1048.454501,79.88949393,57.06392424
1318567,014245.28+004802.7,0.682,"1,054.00000",43.00000,65.00000,763.5342027,31.14987734,47.08702389,"1,857.00000",136.00000,109.00000,1345.240052,98.52054229,78.96131698
1329214,015424.44-004742.8,0.768,682.00000,93.00000,143.00000,479.0108747,65.31966473,100.437764,692.00000,50.00000,52.00000,486.0344945,35.11809932,36.52282329
1329550,015616.16-000117.6,1.244,"1,471.00000",137.00000,131.00000,891.2068258,83.00158745,79.36648143,"1,635.00000",139.00000,110.00000,990.5663903,84.21328945,66.64361036
1334280,014156.78-011047.6,0.849,248.00000,64.00000,70.00000,169.4145849,43.71989287,47.81863282,480.00000,96.00000,129.00000,327.8991965,65.5798393,88.12290906
1336333,015055.43+001543.6,1.036,618.00000,99.00000,141.00000,397.6914512,63.70785383,90.73542818,,,,0,0,0
1340680,014017.06-005003.0,0.334,473.00000,211.00000,202.00000,395.6075091,176.476077,168.9486614,305.00000,89.00000,215.00000,255.0957511,74.43777655,179.821595
1353200,015320.81-001855.3,1.014,"1,275.00000",265.00000,315.00000,826.025236,171.6836765,204.076823,"1,381.00000",307.00000,220.00000,894.6987066,198.8939196,142.5298446
1357992,014648.36-002422.4,0.804,349.00000,192.00000,216.00000,242.0799251,133.1786408,149.8259709,,,,0,0,0
1361524,220043.37+005130.6,0.792,682.00000,135.00000,136.00000,475.0231895,94.02951698,94.72603192,789.00000,115.00000,121.00000,549.5502881,80.09921817,84.27830781
1370819,220832.02-005238.1,0.855,855.00000,134.00000,53.00000,582.8984334,91.35484219,36.13288534,"1,073.00000",166.00000,114.00000,731.5204901,113.1709239,77.71979111
1376726,221715.18+002615.0,0.754,,,,0,0,0,,,,0,0,0
1386958,220241.41+002453.7,0.600,312.00000,97.00000,116.00000,233.1310957,72.47985987,86.67694582,715.00000,74.00000,183.00000,534.2587609,55.29391372,136.7403542
1395761,220146.01+004721.2,0.474,416.00000,86.00000,147.00000,327.058086,67.6129697,115.5710063,784.00000,221.00000,83.00000,616.3787005,173.7496082,65.25437773
1404855,221451.26+000725.1,0.574,400.00000,101.00000,210.00000,301.9375036,76.23921965,158.5171894,435.00000,233.00000,99.00000,328.3570351,175.8785958,74.72953213
1413915,220142.62-000740.5,0.731,341.00000,54.00000,64.00000,242.6667071,38.42815889,45.54448461,"1,417.00000",244.00000,111.00000,1008.383355,173.6383476,78.9912155
1413956,221815.62+010842.2,0.741,"1,153.00000",168.00000,273.00000,817.5871729,119.1280529,193.583086,"2,044.00000",62.00000,36.00000,1449.391311,43.9639243,25.52743992
1434653,221155.73-001043.9,0.401,509.00000,175.00000,205.00000,412.9772599,141.9862878,166.3267943,655.00000,74.00000,123.00000,531.4343915,60.03991598,99.79607657
1441658,221750.50-002425.9,0.600,616.00000,244.00000,80.00000,460.2844709,182.3204723,59.77720402,653.00000,31.00000,76.00000,487.9314278,23.16366656,56.78834382
1451699,221511.93-004550.0,1.478,"4,012.00000",171.00000,200.00000,2285.694152,97.4211615,113.9428789,,,,0,0,0
1483800,221337.97-004305.9,1.183,"1,983.00000",468.00000,284.00000,1222.107468,288.424758,175.0269899,"2,173.00000",183.00000,128.00000,1339.20299,112.7814759,78.8854039
1485220,221737.55-004854.7,0.495,,,,0,0,0,,,,0,0,0
1487261,221640.14+001620.0,1.020,"1,065.00000",302.00000,243.00000,688.7026574,195.2940869,157.1406063,736.00000,117.00000,228.00000,475.9485031,75.66029194,147.4405689
1491829,221909.39-003408.3,0.842,533.00000,119.00000,117.00000,364.9619942,81.48307188,80.11360849,,,,0,0,0
1491872,221708.83+002717.1,1.112,"1,642.00000",575.00000,497.00000,1032.911056,361.7075867,312.6411663,"1,045.00000",290.00000,151.00000,657.3642229,182.4264351,94.98755756
1496040,220514.24-004037.1,0.695,"1,146.00000",269.00000,183.00000,826.2270362,193.939854,131.936778,"1,158.00000",345.00000,160.00000,834.8786282,248.7332701,115.35456
1504775,221712.61-002502.8,0.442,771.00000,215.00000,377.00000,614.4632543,171.3483783,300.4573889,,,,0,0,0
1506576,220851.96-010603.7,0.352,615.00000,62.00000,40.00000,510.1167299,51.42640204,33.1783239,710.00000,27.00000,25.00000,588.9152492,22.39536863,20.73645243
1516454,220913.04+000747.5,1.087,451.00000,56.00000,115.00000,285.8068434,35.48821116,72.87757649,"1,437.00000",122.00000,165.00000,910.6528471,77.31360288,104.5634793
1516477,221722.45+010436.3,1.401,"1,198.00000",488.00000,269.00000,696.0071143,283.5154188,156.2820649,,,,0,0,0
1524735,220616.02-011100.2,1.056,523.00000,140.00000,157.00000,334.5240611,89.54754982,100.4211809,,,,0,0,0
1527392,220908.24-005558.8,0.530,309.00000,25.00000,37.00000,237.3830974,19.20575222,28.42451328,476.00000,16.00000,24.00000,365.6775223,12.29168142,18.43752213
1529709,220704.31+005025.9,0.318,428.00000,212.00000,220.00000,360.6585353,178.6439474,185.3852284,366.00000,136.00000,118.00000,308.4136073,114.6017776,99.43389526
1534500,221110.98-000953.3,0.666,"2,590.00000",105.00000,140.00000,1887.388332,76.51574319,102.0209909,"2,695.00000",110.00000,129.00000,1963.904075,80.15935001,94.00505592
1557002,221543.52-010052.8,0.878,661.00000,370.00000,259.00000,447.2086498,250.3285937,175.2300156,903.00000,93.00000,109.00000,610.9370813,62.9204303,73.74545057
1561676,221146.16-003513.5,0.759,569.00000,102.00000,64.00000,400.910514,71.86796561,45.09362548,"1,003.00000",147.00000,110.00000,706.7016618,103.574421,77.50466879
1568160,220735.14+000401.3,0.776,468.00000,261.00000,239.00000,327.7866162,182.8040744,167.3953019,,,,0,0,0
1569002,221325.12-010547.2,0.713,294.00000,94.00000,193.00000,210.5803123,67.32839916,138.2380962,677.00000,313.00000,345.00000,484.9077259,224.189244,247.1095501
1574863,021251.94+001048.6,0.822,655.00000,157.00000,167.00000,451.5452821,108.2329913,115.1268124,,,,0,0,0
1576517,020200.18-005616.9,1.150,832.00000,157.00000,149.00000,517.6205157,97.67598675,92.6988664,"1,007.00000",137.00000,254.00000,626.4950233,85.23318589,158.0235709
1576610,020517.56+004316.3,0.606,669.00000,124.00000,69.00000,498.7281504,92.43989634,51.43832941,729.00000,43.00000,130.00000,543.4571325,32.0557705,96.91279455
1579964,020847.19+002014.1,1.078,686.00000,133.00000,136.00000,435.8969988,84.51064263,86.41689773,714.00000,206.00000,228.00000,453.6887131,130.8961833,144.8753874
1582978,021903.93-003104.7,0.668,483.00000,82.00000,78.00000,351.7107009,59.71071941,56.79800139,430.00000,32.00000,66.00000,313.1171871,23.30174416,48.05984733
1589206,021634.01-005759.2,0.437,,,,0,0,0,930.00000,149.00000,195.00000,742.7792318,119.0044146,155.7440325
1589941,021052.83+005938.5,1.138,"1,879.00000",105.00000,144.00000,1173.064806,65.55178535,89.89959134,,,,0,0,0
1593840,020319.92+002240.7,1.066,823.00000,181.00000,149.00000,524.8304672,115.4244405,95.01790962,964.00000,188.00000,371.00000,614.7467441,119.8883692,236.5882179
1598729,021609.52+010130.3,0.488,613.00000,70.00000,161.00000,479.1226004,54.71220559,125.8380729,761.00000,13.00000,18.00000,594.7998351,10.16083818,14.06885287
1601158,020332.22-011525.8,0.591,534.00000,24.00000,34.00000,400.4107657,17.99598947,25.49431841,536.00000,23.00000,57.00000,401.9104315,17.24615657,42.74047499
1604794,020216.40+010913.5,0.829,"1,179.00000",60.00000,37.00000,810.8514687,41.26470579,25.44656857,675.00000,114.00000,338.00000,464.2279401,78.402941,232.4578426
1610833,021539.62+005640.1,0.834,400.00000,85.00000,134.00000,274.6328007,58.35947016,92.00198824,508.00000,85.00000,253.00000,348.7836569,58.35947016,173.7052465
1611614,020215.07-001557.6,0.676,648.00000,322.00000,163.00000,470.4626137,233.7792617,118.341676,813.00000,301.00000,268.00000,590.2563348,218.5327882,194.5740439
1633423,020429.84-004042.4,0.440,660.00000,110.00000,51.00000,526.4524976,87.74208294,40.68042027,713.00000,27.00000,24.00000,568.7282285,21.53669309,19.14372719
1643467,021852.67-010731.6,0.902,832.00000,186.00000,118.00000,558.4866657,124.8539902,79.20844538,795.00000,102.00000,59.00000,533.6501193,68.46831719,39.60422269
1651319,020222.00+010557.1,0.501,,,,0,0,0,495.00000,144.00000,224.00000,384.8124989,111.9454542,174.1373733
1655851,020115.53+003135.0,0.362,246.00000,63.00000,62.00000,203.1165449,52.01765174,51.19197473,,,,0,0,0
1658753,021219.54+005840.6,0.456,188.00000,113.00000,126.00000,148.9353522,89.51965319,99.81837435,274.00000,111.00000,120.00000,217.0653537,87.93523455,95.06511843
1666630,021647.54-011341.4,0.420,383.00000,58.00000,31.00000,308.1626502,46.66692876,24.94266882,811.00000,19.00000,25.00000,652.5324004,15.28744218,20.1150555
1672044,021227.22+011224.0,0.847,818.00000,250.00000,328.00000,559.1699555,170.8954632,224.2148477,735.00000,172.00000,103.00000,502.4326617,117.5760787,70.40893083
1694315,021229.82+000934.0,0.582,815.00000,40.00000,47.00000,613.2669941,30.09899357,35.36631745,"1,054.00000",42.00000,49.00000,793.1084807,31.60394325,36.87126713
1700357,020817.14-005654.6,1.303,"1,270.00000",131.00000,212.00000,757.1492202,78.09964398,126.3902635,"1,467.00000",109.00000,73.00000,874.5967764,64.98367323,43.52117565
1704385,021713.38-004526.9,0.771,777.00000,227.00000,265.00000,545.1619181,159.2686685,185.9303839,,,,0,0,0
1705093,021008.38-005622.5,1.087,"1,151.00000",379.00000,423.00000,729.4094829,240.1791434,268.0627379,,,,0,0,0
1716222,020912.02+004719.0,0.786,245.00000,161.00000,219.00000,171.0013671,112.372327,152.8542833,693.00000,149.00000,282.00000,483.6895813,103.9967498,196.8260634
1722231,021008.26-002632.8,1.066,800.00000,258.00000,426.00000,510.1632731,164.5276556,271.6619429,736.00000,114.00000,94.00000,469.3502113,72.69826642,59.94418459
1726140,020553.97+003631.3,0.960,921.00000,124.00000,159.00000,606.8213691,81.70016261,104.7606924,895.00000,88.00000,75.00000,589.6906898,57.98076056,49.41542093
1737757,214337.32-004724.1,0.446,595.00000,374.00000,146.00000,473.3829635,297.5550056,116.1578364,"1,086.00000",111.00000,84.00000,864.0233585,88.31177974,66.83053602
1741264,215956.48+005340.8,0.704,644.00000,118.00000,102.00000,462.7801487,84.79512041,73.29747697,798.00000,125.00000,171.00000,573.4449669,89.82533942,122.8810643
1759792,214109.94-004308.1,0.935,552.00000,182.00000,228.00000,366.6037278,120.8729682,151.4232789,897.00000,168.00000,323.00000,595.7310576,111.5750476,214.5163117
1787387,214123.56-002846.5,0.588,665.00000,180.00000,187.00000,499.2227134,135.1279525,140.3829284,558.00000,149.00000,132.00000,418.8966528,111.8559162,99.09383184
1794587,215949.01+001004.7,0.271,500.00000,37.00000,32.00000,430.9230877,31.88830849,27.57907761,377.00000,23.00000,25.00000,324.9160081,19.82246203,21.54615438
1849353,214723.28-001453.1,0.971,"1,985.00000",328.00000,239.00000,1303.331237,215.3615343,156.9250204,906.00000,211.00000,284.00000,594.8705796,138.5404992,186.4715724
1851221,214143.87+002131.2,0.553,509.00000,138.00000,218.00000,387.4284239,105.0395334,165.9320165,488.00000,149.00000,169.00000,371.4441471,113.4122498,128.6353706
1899407,215436.04+004107.4,0.852,782.00000,260.00000,308.00000,533.6657657,177.4336305,210.1906085,,,,0,0,0
1936593,215711.85-003426.2,0.906,452.00000,180.00000,174.00000,303.0136823,120.6691655,116.64686,462.00000,138.00000,179.00000,309.7175248,92.5130269,119.9987813
1943618,215822.52+010748.8,0.569,504.00000,58.00000,91.00000,381.1924685,43.86738725,68.82641793,550.00000,53.00000,81.00000,415.9838446,40.08571594,61.2630753
1968059,214854.63+010107.2,0.820,"1,007.00000",57.00000,54.00000,694.6806628,39.32154695,37.25199185,"1,268.00000",25.00000,26.00000,874.7319568,17.24629252,17.93614422
1973788,214956.72-001051.9,0.806,710.00000,208.00000,216.00000,492.1453048,144.1777794,149.7230787,"1,216.00000",292.00000,330.00000,842.8854798,202.4034211,228.7435924
1976348,215841.40-001507.7,1.457,"2,015.00000",57.00000,111.00000,1154.047949,32.64552511,63.57286468,"1,985.00000",34.00000,86.00000,1136.866094,19.47276936,49.25465191
1987777,023824.37+002705.5,0.752,"1,064.00000",596.00000,233.00000,751.5372042,420.9738475,164.5753464,,,,0,0,0
1988699,022508.07+001707.2,0.527,326.00000,118.00000,254.00000,250.7479535,90.76152916,195.3680374,429.00000,187.00000,221.00000,329.9720001,143.8339488,169.9855758
1990653,022205.37-004947.9,0.525,452.00000,102.00000,45.00000,347.945426,78.51865808,34.64058445,547.00000,64.00000,76.00000,421.0755487,49.26660899,58.50409817
2006717,023112.11-002056.3,0.644,587.00000,205.00000,126.00000,431.2995222,150.6241943,92.57877309,,,,0,0,0
2015961,023927.06+010029.2,1.304,"1,507.00000",274.00000,286.00000,898.2022073,163.3094922,170.4617328,"1,570.00000",165.00000,160.00000,935.7514701,98.34330736,95.36320714
2020749,022507.93-003532.9,0.685,"1,195.00000",244.00000,323.00000,864.7209163,176.5622624,233.727913,"1,110.00000",321.00000,228.00000,803.2135708,232.2806813,164.9844091
2023374,023518.30-000611.0,1.727,"3,408.00000",398.00000,331.00000,1829.678566,213.6772504,177.706457,"3,681.00000",208.00000,315.00000,1976.246127,111.6705228,169.1164168
2024309,022214.38-001745.3,0.773,,,,0,0,0,436.00000,77.00000,47.00000,305.6941116,53.98726282,32.95326432
2026951,022432.02+001649.0,0.567,,,,0,0,0,,,,0,0,0
2033841,022157.81+000042.5,1.042,,,,0,0,0,"1,484.00000",124.00000,136.00000,953.233603,79.65024716,87.35833559
2037747,022614.46+001529.7,0.615,771.00000,236.00000,267.00000,572.7794281,175.3254799,198.3555218,,,,0,0,0
2038880,022222.80-000745.6,1.055,706.00000,327.00000,178.00000,451.7117304,209.220589,113.8876601,688.00000,119.00000,113.00000,440.1950007,76.13837949,72.2994696
2043657,023211.82+000802.2,0.432,793.00000,178.00000,58.00000,634.7292558,142.4739061,46.42408176,632.00000,456.00000,376.00000,505.8624081,364.9893325,300.9561162
2046414,022428.28-010655.3,1.196,,,,0,0,0,568.00000,80.00000,125.00000,348.7677242,49.12221468,76.75346044
2048560,022809.78-001526.0,0.502,,,,0,0,0,371.00000,192.00000,164.00000,288.2959566,149.1989856,127.4408002
2050256,023918.70-011521.0,0.375,275.00000,105.00000,116.00000,225.7277855,86.18697265,95.21608407,376.00000,35.00000,56.00000,308.6314449,28.72899088,45.96638541
2054973,022047.29+003659.5,1.199,"1,719.00000",398.00000,707.00000,1054.620562,244.1762557,433.7502834,"1,812.00000",127.00000,215.00000,1111.676823,77.91553889,131.9042588
2058046,022435.59-001353.9,0.748,704.00000,109.00000,373.00000,497.9628841,77.09936699,263.8354485,,,,0,0,0
2060780,023201.08+002444.5,0.633,369.00000,128.00000,146.00000,272.2544153,94.44055597,107.7212592,443.00000,195.00000,210.00000,326.8528617,143.8742845,154.9415371
2067058,023146.48+002740.7,1.499,"1,431.00000",589.00000,318.00000,811.0069108,333.8106712,180.223758,"1,319.00000",238.00000,336.00000,747.5318765,134.8844478,190.4251027
2069098,022841.08+003049.4,0.719,"1,256.00000",62.00000,101.00000,897.6738952,44.31192795,72.18556004,"1,508.00000",47.00000,64.00000,1077.780441,33.59130022,45.74134498
2069441,023655.71+003650.1,0.874,871.00000,130.00000,156.00000,590.0665711,88.06963748,105.683565,"1,139.00000",268.00000,258.00000,771.625516,181.558945,174.7843575
2116040,023729.34+011253.8,0.600,564.00000,127.00000,73.00000,421.4292883,94.89631138,54.54669867,405.00000,111.00000,239.00000,302.6220953,82.94087057,178.584397
2138001,022838.62+003320.1,0.768,274.00000,76.00000,81.00000,192.4471843,53.37951096,56.89132089,559.00000,281.00000,330.00000,392.6203504,197.3637182,231.7794555
2149795,213818.97+011222.4,0.344,319.00000,93.00000,81.00000,265.5725211,77.42396384,67.43377496,609.00000,112.00000,39.00000,507.0020858,93.24176291,32.46811387
2168785,213619.35+004131.7,2.030,"2,050.00000",674.00000,451.00000,1031.001819,338.9732809,226.8204001,,,,0,0,0
2172986,212724.32+004718.2,0.716,"2,370.00000",72.00000,56.00000,1695.694573,51.51477184,40.06704476,"3,405.00000",891.00000,317.00000,2436.219418,637.4953015,226.8080927
2200878,213653.82-010026.3,1.148,"2,411.00000",505.00000,428.00000,1500.8454,314.3620602,266.4296273,"1,264.00000",154.00000,201.00000,786.8388993,95.8648659,125.122325
2215141,212916.52-005032.0,0.374,224.00000,49.00000,49.00000,183.9484972,40.23873375,40.23873375,448.00000,251.00000,195.00000,367.8969943,206.1208607,160.1337364
2230470,212822.73-000135.1,0.996,"1,448.00000",160.00000,320.00000,943.341692,104.236651,208.4733021,"1,970.00000",84.00000,80.00000,1283.413766,54.7242418,52.11832552
2288744,213107.44-001229.0,0.745,670.00000,112.00000,54.00000,474.418521,79.30578262,38.23671662,811.00000,325.00000,283.00000,574.2588367,230.1283871,200.3887186
2302601,212807.93-010628.5,1.099,"1,418.00000",344.00000,206.00000,895.4235636,217.2254625,130.0826898,,,,0,0,0
2319589,212359.10+002845.0,1.858,"2,308.00000",306.00000,292.00000,1203.586271,159.574263,152.2734797,,,,0,0,0
2355391,212556.26+004539.3,0.281,272.00000,105.00000,156.00000,233.2858748,90.05520903,133.7963106,354.00000,145.00000,110.00000,303.6147047,124.3619553,94.34355232
2447561,213004.75-010244.4,0.704,"1,435.00000",165.00000,125.00000,1031.194897,118.569448,89.82533942,"1,031.00000",246.00000,112.00000,740.8793995,176.776268,80.48350412
2448723,212403.30-000711.9,1.265,"2,223.00000",356.00000,345.00000,1339.051175,214.4409438,207.8149596,"1,054.00000",168.00000,143.00000,634.8897607,101.1968499,86.13779485
2461157,212838.20-001443.4,0.495,559.00000,109.00000,122.00000,435.6465393,84.94717851,95.07849337,922.00000,250.00000,85.00000,718.5440237,194.8329782,66.2432126
2464194,213958.26-010622.6,1.046,"2,232.00000",48.00000,55.00000,1431.965979,30.79496729,35.28590002,,,,0,0,0
2464449,213520.51-010318.3,0.794,771.00000,88.00000,170.00000,536.641761,61.25094029,118.3256801,"1,085.00000",70.00000,48.00000,755.1962525,48.72233887,33.4096038
2482104,024135.69-000858.6,0.822,611.00000,73.00000,78.00000,421.2124692,50.32489403,53.77180458,511.00000,100.00000,130.00000,352.2742582,68.938211,89.61967431
2484608,025654.42-011455.4,0.542,669.00000,380.00000,191.00000,511.4625105,290.5168221,146.022929,"1,072.00000",268.00000,173.00000,819.5632456,204.8908114,132.2616059
2489292,024053.32+001108.8,1.012,723.00000,120.00000,216.00000,468.693523,77.7914561,140.024621,755.00000,183.00000,247.00000,489.4379113,118.6319706,160.1207471
2489918,024327.95+005555.1,0.750,376.00000,225.00000,251.00000,265.7689587,159.0372758,177.4149165,642.00000,334.00000,423.00000,453.7863603,236.0820005,298.9900785
2490331,025957.85+003454.2,0.820,678.00000,152.00000,357.00000,467.7194532,104.8574585,246.2770572,841.00000,219.00000,399.00000,580.1652805,151.0775225,275.2508287
2497212,025928.51-001959.9,2.001,"3,106.00000",172.00000,187.00000,1571.435407,87.02089181,94.60992308,"3,366.00000",328.00000,256.00000,1702.978615,165.9468169,129.5194669
2507526,024141.52+000416.6,0.648,964.00000,217.00000,195.00000,707.2347072,159.2011737,143.0609626,315.00000,158.00000,132.00000,231.098478,115.916062,96.84126697
2512532,025313.99-003902.5,0.889,504.00000,102.00000,127.00000,339.7556773,68.76007755,85.61303774,537.00000,124.00000,185.00000,362.0015848,83.59068252,124.7119054
2512776,024710.08+003110.8,1.302,"1,020.00000",233.00000,110.00000,608.2678659,138.9474635,65.59751495,861.00000,119.00000,92.00000,513.4496398,70.96458436,54.86337614
2514886,024157.15+000703.5,1.564,"1,421.00000",357.00000,234.00000,792.6197781,199.1310773,130.522891,"1,661.00000",332.00000,692.00000,926.4894099,185.1863239,385.9907716
2515171,024928.86+010924.6,0.954,"1,002.00000",91.00000,73.00000,661.4461527,60.07145698,48.18919076,"1,185.00000",55.00000,91.00000,782.2491925,36.30692455,60.07145698
2517911,025716.86-004536.1,1.029,584.00000,415.00000,451.00000,376.6153162,267.6290346,290.8450473,680.00000,386.00000,270.00000,438.5246833,248.9272467,174.1200948
2528730,025432.52-004220.0,0.434,577.00000,33.00000,86.00000,461.4401069,26.39085533,68.77616845,618.00000,54.00000,65.00000,494.2287454,43.185036,51.98198778
2536544,025547.06+003814.9,0.920,"1,136.00000",160.00000,39.00000,758.1088553,106.7758951,26.02662443,"1,106.00000",89.00000,149.00000,738.088375,59.39409166,99.43505233
2536996,025101.00+004802.9,0.828,612.00000,158.00000,130.00000,421.0427402,108.7005767,89.43718338,"1,181.00000",80.00000,57.00000,812.5024121,55.03826669,39.21476502
2537962,024240.96+002150.8,0.633,428.00000,70.00000,215.00000,315.785609,51.64717905,158.6306214,626.00000,182.00000,163.00000,461.8733441,134.2826655,120.2641455
2543315,025607.25+011038.6,1.348,"1,333.00000",284.00000,168.00000,785.2308107,167.2959867,98.96382311,"1,601.00000",162.00000,124.00000,943.1016714,95.42940085,73.04472658
2546693,024954.49+010148.1,0.585,648.00000,147.00000,112.00000,487.0312862,110.4839492,84.178247,,,,0,0,0
2552360,024603.68-003211.7,1.598,"1,943.00000",80.00000,64.00000,1074.970459,44.26023505,35.40818804,"1,737.00000",94.00000,97.00000,961.0003536,52.00577619,53.665535
2555100,024441.41+011434.5,0.546,630.00000,232.00000,155.00000,480.8733021,177.0835017,118.3100981,821.00000,190.00000,239.00000,626.6618747,145.0252816,182.4265384
2555674,024016.78-004351.9,3.331,"4,337.00000",853.00000,268.00000,1747.852372,343.767137,108.0065565,,,,0,0,0
2557716,025156.30+005706.5,0.471,976.00000,69.00000,18.00000,768.2984563,54.31618185,14.16943874,985.00000,12.00000,22.00000,775.3831757,9.446292495,17.31820291
2563437,024425.39-004653.0,0.936,702.00000,78.00000,38.00000,466.0749839,51.78610933,25.22913019,708.00000,80.00000,104.00000,470.0585308,53.11395828,69.04814577
2566864,024240.31+005727.1,0.569,"2,055.00000",38.00000,71.00000,1554.26691,28.74070199,53.69973267,"2,911.00000",296.00000,63.00000,2201.68904,223.8749418,47.64905857
2578827,024556.52-000357.3,1.003,361.00000,64.00000,28.00000,234.6740202,41.60425843,18.20186306,610.00000,26.00000,101.00000,396.5405882,16.90172999,65.65672034
2582316,024533.66-000745.0,0.654,663.00000,11.00000,15.00000,485.3125422,8.051942631,10.97992177,"1,000.00000",10.00000,7.00000,731.9947846,7.319947846,5.123963492
2587687,024807.71+003552.0,0.832,363.00000,175.00000,197.00000,249.397924,120.2331589,135.3481846,621.00000,241.00000,292.00000,426.6559526,165.578236,200.6176138
2591763,024026.93+004922.7,0.960,915.00000,86.00000,67.00000,602.8681354,56.663016,44.1444427,924.00000,65.00000,67.00000,608.7979859,42.82669814,44.1444427
2598355,024442.77-004223.2,0.628,377.00000,130.00000,144.00000,278.6863014,96.09872462,106.447818,,,,0,0,0
2608700,025356.81-001123.8,0.756,"1,011.00000",23.00000,13.00000,713.0926472,16.22268139,9.169341656,"1,330.00000",28.00000,18.00000,938.0941848,19.74935126,12.69601152
2610214,024514.00-003535.5,1.004,641.00000,55.00000,38.00000,416.5637218,35.74259703,24.69488522,,,,0,0,0
2612294,025844.24-005512.7,0.904,468.00000,50.00000,48.00000,313.9441159,33.54103803,32.19939651,579.00000,99.00000,193.00000,388.4052204,66.4112553,129.4684068
2635280,210839.73-004816.8,0.589,619.00000,132.00000,125.00000,464.5086789,99.05516254,93.80223725,699.00000,160.00000,104.00000,524.5421107,120.0668637,78.04346139
2638307,211848.06+003525.2,1.499,"1,582.00000",640.00000,399.00000,896.5848588,362.7144814,226.1298095,"1,394.00000",318.00000,265.00000,790.0374798,180.223758,150.186465
2717874,210633.28+011338.0,0.423,342.00000,143.00000,86.00000,274.8141358,114.907665,69.10530899,397.00000,52.00000,121.00000,319.0093915,41.78460544,97.22956265
2751255,211035.51+002255.4,0.444,,,,0,0,0,539.00000,241.00000,192.00000,429.1974227,191.904599,152.8866515
2756096,210401.99+002249.2,1.003,"1,496.00000",169.00000,257.00000,972.4995409,109.8612449,167.0671003,"1,771.00000",180.00000,279.00000,1151.267839,117.0119768,181.3685641
2823508,210704.93-011044.0,1.345,"2,592.00000",486.00000,423.00000,1528.081198,286.5152246,249.3743622,"3,089.00000",136.00000,106.00000,1821.081335,80.17709989,62.49097491
2928764,210705.90+004430.9,0.926,"1,067.00000",303.00000,277.00000,710.6856136,201.8160646,184.4985145,754.00000,102.00000,161.00000,502.2089528,67.93808115,107.2355987
2932743,211423.40-011111.0,1.278,878.00000,139.00000,135.00000,527.0007213,83.43177707,81.03086262,819.00000,131.00000,115.00000,491.5872332,78.62994817,69.02629038
2950142,210801.28-001737.4,0.927,264.00000,113.00000,112.00000,175.7831585,75.24051862,74.57467332,,,,0,0,0
2989359,211940.73-002815.9,0.879,439.00000,322.00000,397.00000,296.9134809,217.7816421,268.5071798,"1,419.00000",450.00000,327.00000,959.7271742,304.3532265,221.1633446
3005409,210829.58+003551.7,0.707,"1,666.00000",772.00000,371.00000,1195.88719,554.1566092,266.311013,"1,020.00000",166.00000,332.00000,732.1758308,119.1580274,238.3160547
3039394,030011.92+003527.5,0.420,,,,0,0,0,"1,084.00000",87.00000,143.00000,872.1888064,70.00039314,115.0581175
3042111,030048.93+005440.7,0.662,831.00000,38.00000,35.00000,606.470655,27.73271347,25.54328872,"1,038.00000",42.00000,25.00000,757.5409626,30.65194646,18.24520623
3063641,030044.43-003820.6,0.598,420.00000,147.00000,157.00000,314.0737861,109.9258251,117.4037724,,,,0,0,0
3108961,030041.77+003237.6,1.110,863.00000,381.00000,358.00000,543.1948871,239.811416,225.3346113,701.00000,149.00000,125.00000,441.2278283,93.78451701,78.67828608
3148297,030220.31-002222.7,0.705,542.00000,111.00000,125.00000,389.3410259,79.73589275,89.79267202,828.00000,100.00000,123.00000,594.7866595,71.83413762,88.35598927
3876021,234141.50-003806.6,0.319,211.00000,138.00000,99.00000,177.7176992,116.2324289,83.38413375,,,,0,0,0
3882540,234442.95-001339.5,1.346,"1,795.00000",162.00000,44.00000,1057.940122,95.47983278,25.93279409,"1,437.00000",23.00000,29.00000,846.9414796,13.55577873,17.09206883
3891780,235552.28+005959.8 ,1.192,456.00000,46.00000,191.00000,280.3132985,28.2772187,117.4119298,,,,0,0,0
3902668,234336.98-005503.5,0.516,"1,142.00000",286.00000,139.00000,882.3331556,220.9695994,107.3943158,"1,137.00000",81.00000,93.00000,878.4700507,62.58229913,71.85375085
3902909,234440.03-003231.6,0.503,576.00000,79.00000,48.00000,447.412296,61.36383921,37.284358,,,,0,0,0
3905131,234019.82-005908.3,0.312,247.00000,71.00000,111.00000,208.7266849,59.99835882,93.80025112,463.00000,243.00000,269.00000,391.2569033,205.3464957,227.3177257
3908151,235545.51+004923.1,0.556,405.00000,48.00000,89.00000,307.8995653,36.49180033,67.66187978,485.00000,42.00000,49.00000,368.7192325,31.93032529,37.25204617
3909370,234445.14+002655.7,0.524,534.00000,88.00000,71.00000,411.2354804,67.76914284,54.67737661,513.00000,68.00000,88.00000,395.0632986,52.36706492,67.76914284
3925045,234231.06+000618.2,1.303,"2,527.00000",503.00000,228.00000,1506.548094,299.8787857,135.9291513,"2,007.00000",74.00000,189.00000,1196.53424,44.11735614,112.6781123
3926683,235735.86-000131.8,1.083,"1,471.00000",292.00000,299.00000,933.308724,185.2659058,189.7072117,"1,537.00000",296.00000,407.00000,975.1838945,187.8037949,258.230218
3933992,235832.43-003240.9,1.017,604.00000,192.00000,137.00000,390.9482575,124.2749428,88.67534979,"1,140.00000",382.00000,182.00000,737.8824727,247.2553549,117.8022895
3936619,235501.78-010824.8,1.085,"1,065.00000",324.00000,420.00000,675.3110421,205.4467396,266.3198476,"1,390.00000",159.00000,230.00000,881.3918766,100.8210852,145.8418213
3938571,234438.99-002604.7,0.566,474.00000,59.00000,66.00000,358.9280933,44.6767036,49.97732945,"1,104.00000",62.00000,40.00000,835.9844198,46.94840039,30.28929057
3943941,234252.36-003915.2,0.404,338.00000,133.00000,105.00000,273.8729208,107.7665635,85.07886592,,,,0,0,0
3944719,234307.38+003854.7,0.666,504.00000,297.00000,282.00000,367.2755673,216.430245,205.4994246,,,,0,0,0
3947319,234840.05+010753.5,0.718,"1,483.00000",66.00000,130.00000,1060.295192,47.18778333,92.94563384,"1,211.00000",28.00000,35.00000,865.8243275,20.0190596,25.0238245
3952975,235708.87+000702.2,0.578,"1,390.00000",229.00000,231.00000,1047.583045,172.5874226,174.0947363,"1,218.00000",113.00000,68.00000,917.9540642,85.16322599,51.24866697
3958251,235535.18-001516.5,0.714,546.00000,89.00000,147.00000,390.9362438,63.72403973,105.2520656,766.00000,107.00000,164.00000,548.456342,76.61204777,117.4240732
3965959,235906.98+011004.1,0.683,363.00000,123.00000,162.00000,262.8660342,89.07030912,117.3121144,,,,0,0,0
3973305,235251.17-001612.0,0.720,724.00000,68.00000,56.00000,517.2624221,48.58265843,40.00924812,825.00000,49.00000,67.00000,589.4219589,35.00809211,47.86820757
3974944,235826.16+011020.3,0.894,856.00000,350.00000,227.00000,576.1004048,235.5550721,152.7742896,"1,189.00000",251.00000,134.00000,800.2142305,168.9266374,90.18394187
3977589,234304.24-003351.0,0.427,406.00000,225.00000,240.00000,325.6740615,180.4843937,192.5166866,455.00000,275.00000,226.00000,364.9795516,220.5920367,181.2865465
3998604,234100.98+003316.9,1.078,780.00000,215.00000,458.00000,495.6263252,136.6149486,291.0216115,"1,240.00000",173.00000,592.00000,787.9187734,109.9273773,376.1676725
4000558,234009.54-001656.0,1.034,442.00000,221.00000,319.00000,284.6064126,142.3032063,205.4059856,,,,0,0,0
4004643,235917.02-011029.0,1.116,751.00000,88.00000,146.00000,471.8676733,55.29208422,91.73459428,"1,251.00000",526.00000,301.00000,786.0272427,330.495867,189.1240608
4034348,002621.64+004121.7,0.982,,,,0,0,0,781.00000,317.00000,303.00000,511.0304409,207.4220867,198.2614899
4035501,003409.90-002046.4,0.691,433.00000,152.00000,198.00000,312.6359094,109.7474786,142.9605313,541.00000,105.00000,270.00000,390.614381,75.81240297,194.9461791
4035811,003242.74+003110.9,0.362,368.00000,105.00000,65.00000,303.8491403,86.69608624,53.66900577,428.00000,50.00000,52.00000,353.3897611,41.28385059,42.93520461
4036159,002057.31-001734.9,0.793,530.00000,94.00000,92.00000,369.0252559,65.44976237,64.05721423,759.00000,167.00000,261.00000,528.4720174,116.2777693,181.7275317
4038725,003704.41-005434.6,1.006,528.00000,246.00000,242.00000,342.9167877,159.7680488,157.1701943,783.00000,162.00000,201.00000,508.530009,105.2131053,130.5421862
4047411,003841.53+000226.6,0.650,299.00000,148.00000,117.00000,219.1952521,108.4979843,85.77205518,863.00000,114.00000,91.00000,632.6605438,83.57277172,66.71159848
4065339,003222.59-011217.7,0.485,627.00000,275.00000,346.00000,490.678625,215.2099232,270.7732125,535.00000,145.00000,237.00000,418.6811234,113.4743232,185.4718247
4071505,003413.04-010026.9,1.292,"3,285.00000",362.00000,409.00000,1964.27511,216.4589315,244.5627154,"3,480.00000",223.00000,291.00000,2080.875916,133.3434854,174.0042792
4072331,002311.06+003517.5,0.422,519.00000,45.00000,45.00000,417.2243129,36.17551846,36.17551846,816.00000,34.00000,51.00000,655.9827347,27.33261394,40.99892092
4089005,002130.87-011109.3,0.786,619.00000,94.00000,130.00000,432.0401888,65.6086878,90.7354193,594.00000,57.00000,122.00000,414.5910697,39.78399154,85.15170119
4094167,003410.01+011350.4,1.089,"1,400.00000",326.00000,380.00000,886.678551,206.469434,240.6698924,"1,507.00000",151.00000,398.00000,954.446126,95.63461514,252.0700452
4107774,003929.19+003635.5,1.058,"1,006.00000",186.00000,203.00000,643.0753327,118.8986202,129.7656983,835.00000,91.00000,104.00000,533.7653109,58.17083029,66.4809489
4130501,002549.37-005420.5,0.561,427.00000,50.00000,48.00000,323.979906,37.93675715,36.41928686,557.00000,58.00000,36.00000,422.6154746,44.00663829,27.31446515
4136284,002407.07+010622.3,0.824,860.00000,225.00000,141.00000,592.465484,155.0055045,97.13678284,695.00000,86.00000,96.00000,478.7947807,59.2465484,66.13568193
"4,139,647.00000",002855.94+001400.2,1.605,"2,252.00000",402.00000,256.00000,1243.84881,222.0369546,141.3966676,"2,381.00000",299.00000,338.00000,1315.099475,165.1468891,186.6877877